citing,cited
abel2024realtime,alexanderson2023listen
abel2024realtime,deichler2023gestclip
abel2024realtime,liu2022beat
abel2024realtime,lu2023discrete
abel2024realtime,zhang2023diffmotion
abel2024realtime,zhao2023diffugesture
abel2024stargate,abel2024realtime
abel2024stargate,alexanderson2023listen
abel2024stargate,ao2022rhythmic
abel2024stargate,deichler2023gestclip
abel2024stargate,liu2022beat
abel2024stargate,lu2023discrete
abel2024stargate,zhang2023diffmotion
abel2024stargate,zhao2023diffugesture
abel2025stargate,alexanderson2023listen
abel2025stargate,deichler2023gestclip
abel2025stargate,ghorbani2023zeroeggs
abel2025stargate,kucherenko2023genea2023
abel2025stargate,kucherenko2024genea2022
abel2025stargate,liu2022beat
abel2025stargate,yoon2022genea
adeli2026puppeteer,ao2023gesturediffuclip
adeli2026puppeteer,chen2024diffsheg
adeli2026puppeteer,chen2024syntalker
adeli2026puppeteer,chen2025languageofmotion
adeli2026puppeteer,cheng2024siggesture
adeli2026puppeteer,liu2022angie
adeli2026puppeteer,liu2022beat
adeli2026puppeteer,liu2024emage
adeli2026puppeteer,liu2025gesturelsm
adeli2026puppeteer,liu2025semges
adeli2026puppeteer,mclean2025embody
adeli2026puppeteer,mughal2024convofusion
adeli2026puppeteer,mughal2026miburi
adeli2026puppeteer,nyatsanga2023review
adeli2026puppeteer,rajan2026interactalker
adeli2026puppeteer,xiao2024eggesture
adeli2026puppeteer,yang2023diffusestylegesture
adeli2026puppeteer,yang2023qpgesture
adeli2026puppeteer,yang2025gesturehydra
adeli2026puppeteer,zhang2026vibes
adeli2026puppeteer,zhu2023diffgesture
ahuja2023cdiffgan,fares2023zeroshotb
ahuja2023cdiffgan,ghorbani2023zeroeggs
ahuja2023cdiffgan,nyatsanga2023review
aicher2024engagement,aicher2024nonverbal
aicher2024engagement,he2022realtime
aicher2024engagement,krome2023realtime
aicher2024engagement,nyatsanga2023review
aicher2024engagement,watsonsmith2023realtime
aicher2024engagement,yazdian2022gesture2vec
aicher2024nonverbal,he2022realtime
aicher2024nonverbal,watsonsmith2023realtime
alexanderson2023listen,ao2022rhythmic
alexanderson2023listen,ao2023gesturediffuclip
alexanderson2023listen,fares2023zeroshotb
alexanderson2023listen,ghorbani2023zeroeggs
alexanderson2023listen,habibie2022motionmatching
alexanderson2023listen,kucherenko2024genea2022
alexanderson2023listen,liu2022beat
alexanderson2023listen,nyatsanga2023review
alexanderson2023listen,yazdian2022gesture2vec
alexanderson2023listen,yoon2022genea
alexanderson2023listen,zhang2023diffmotion
ali2025multilingual,liu2022beat
ali2025multilingual,nyatsanga2023review
ali2025multilingual,pang2024llm
ali2025multilingual,yoon2022genea
ali2025multilingual,zhang2024semanticgesticulator
ali2025multilingual,zhu2023diffgesture
ali2025ridge,kim2024doctor
ali2025ridge,nyatsanga2023review
ali2025ridge,pang2024llm
ali2025ridge,zhang2024semanticgesticulator
ao2022rhythmic,liu2022ha2g
ao2022rhythmic,xu2022freemo
ao2023gesturediffuclip,alexanderson2023listen
ao2023gesturediffuclip,ao2022rhythmic
ao2023gesturediffuclip,ghorbani2023zeroeggs
ao2023gesturediffuclip,habibie2022motionmatching
ao2023gesturediffuclip,liu2022angie
ao2023gesturediffuclip,liu2022beat
ao2023gesturediffuclip,liu2022ha2g
ao2023gesturediffuclip,nyatsanga2023review
ao2023gesturediffuclip,yazdian2022gesture2vec
ao2023gesturediffuclip,yi2023talkshow
ao2023gesturediffuclip,yoon2022genea
ao2023gesturediffuclip,zhang2023diffmotion
axyonov2026mavagen,corona2025vlogger
axyonov2026mavagen,meng2025echomimicv2
axyonov2026mavagen,qi2024emotiontransition
baihaqi2025llm,nyatsanga2023review
bao2024editable,ao2022rhythmic
bao2024editable,ao2023gesturediffuclip
bao2024editable,gao2024gesgpt
bao2024editable,ghorbani2023zeroeggs
bao2024editable,liu2022beat
bao2024editable,liu2022ha2g
bao2024editable,nyatsanga2023review
bao2024editable,yi2023talkshow
bao2024editable,yoon2022genea
bao2024editable,zhu2023diffgesture
bao2024musegesture,gao2024gesgpt
bhattacharya2024speech2unifiedexpressions,ao2022rhythmic
bhattacharya2024speech2unifiedexpressions,ao2023gesturediffuclip
bhattacharya2024speech2unifiedexpressions,habibie2022motionmatching
bhattacharya2024speech2unifiedexpressions,liu2022angie
bhattacharya2024speech2unifiedexpressions,liu2022ha2g
bhattacharya2024speech2unifiedexpressions,yi2023talkshow
bian2025motioncraft,chen2024diffsheg
bian2025motioncraft,liu2022beat
bian2025motioncraft,liu2022ha2g
bian2025motioncraft,liu2024emage
bian2025motioncraft,yi2023talkshow
cai2025anchortalk,he2024mddiffusion
cai2025anchortalk,yi2023talkshow
cai2026review,crnek2025advancing
cai2026review,ghorbani2023zeroeggs
cai2026review,he2024mddiffusion
cai2026review,liu2022beat
cai2026review,liu2022ha2g
cai2026review,liu2024emage
cai2026review,liu2025semges
cai2026review,mughal2024convofusion
cai2026review,nyatsanga2023review
cai2026review,qi2025cocogesture
cai2026review,shen2025tedculture
cai2026review,yang2023diffusestylegesture
cai2026review,yang2025gesturehydra
cai2026review,yoon2022genea
cai2026review,zhang2024semanticgesticulator
cai2026review,zhi2023livelyspeaker
chemburkar2023discrete,ao2023gesturediffuclip
chemburkar2023discrete,habibie2022motionmatching
chemburkar2023discrete,kucherenko2023genea2023
chemburkar2023discrete,yoon2022genea
chemburkar2023discrete,zhang2023diffmotion
chemburkar2023discrete,zhu2023diffgesture
chen2024diffsheg,alexanderson2023listen
chen2024diffsheg,ao2022rhythmic
chen2024diffsheg,ao2023gesturediffuclip
chen2024diffsheg,liu2022beat
chen2024diffsheg,liu2022ha2g
chen2024diffsheg,yang2023diffusestylegesture
chen2024diffsheg,yi2023talkshow
chen2024diffsheg,zhu2023diffgesture
chen2024syntalker,ao2022rhythmic
chen2024syntalker,ao2023gesturediffuclip
chen2024syntalker,chhatre2024amuse
chen2024syntalker,ghorbani2023zeroeggs
chen2024syntalker,liu2022beat
chen2024syntalker,liu2022ha2g
chen2024syntalker,ng2024audio2photoreal
chen2024syntalker,yang2023diffusestylegesture
chen2024syntalker,yang2023qpgesture
chen2024syntalker,yang2023unifiedgesture
chen2024syntalker,yang2024freetalker
chen2024syntalker,yi2023talkshow
chen2024syntalker,zhu2023diffgesture
chen2025deviation,corona2025vlogger
chen2025deviation,he2024mddiffusion
chen2025deviation,liu2022angie
chen2025deviation,liu2024tango
chen2025hunyuanvideoavatar,hogue2024diffted
chen2025hunyuanvideoavatar,lin2024cyberhost
chen2025hunyuanvideoavatar,lin2025omnihuman
chen2025hunyuanvideoavatar,meng2025echomimicv2
chen2025languageofmotion,ao2023gesturediffuclip
chen2025languageofmotion,chen2024syntalker
chen2025languageofmotion,chhatre2024amuse
chen2025languageofmotion,liu2022beat
chen2025languageofmotion,liu2024emage
chen2025languageofmotion,ng2024audio2photoreal
chen2025languageofmotion,yang2023diffusestylegesture
chen2025languageofmotion,yi2023talkshow
chen2025meco,alexanderson2023listen
chen2025meco,ao2022rhythmic
chen2025meco,ao2023gesturediffuclip
chen2025meco,chen2024syntalker
chen2025meco,cheng2024siggesture
chen2025meco,ghorbani2023zeroeggs
chen2025meco,habibie2022motionmatching
chen2025meco,kucherenko2024genea2022
chen2025meco,liu2022angie
chen2025meco,liu2022beat
chen2025meco,liu2022ha2g
chen2025meco,liu2024tango
chen2025meco,lu2023discrete
chen2025meco,ng2024audio2photoreal
chen2025meco,pang2024llm
chen2025meco,yang2023diffusestylegesture
chen2025meco,yazdian2022gesture2vec
chen2025meco,yi2023talkshow
chen2025meco,zhang2024semanticgesticulator
chen2026audience,chen2024diffsheg
chen2026audience,liu2022beat
chen2026audience,liu2024emage
chen2026audience,nyatsanga2023review
chen2026audience,yi2023talkshow
chen2026audience,zhu2023diffgesture
cheng2024expgest,ao2022rhythmic
cheng2024expgest,ao2023gesturediffuclip
cheng2024expgest,habibie2022motionmatching
cheng2024expgest,liu2022beat
cheng2024expgest,yang2023diffusestylegesture
cheng2024expgest,yang2024freetalker
cheng2024expgest,yin2023emog
cheng2024siggesture,alexanderson2023listen
cheng2024siggesture,ao2022rhythmic
cheng2024siggesture,ao2023gesturediffuclip
cheng2024siggesture,chen2024diffsheg
cheng2024siggesture,ghorbani2023zeroeggs
cheng2024siggesture,ji2023c2g2
cheng2024siggesture,liu2022beat
cheng2024siggesture,liu2022ha2g
cheng2024siggesture,lu2023discrete
cheng2024siggesture,nyatsanga2023review
cheng2024siggesture,pang2023bodyformer
cheng2024siggesture,sun2023racer
cheng2024siggesture,yang2023diffusestylegesture
cheng2024siggesture,yang2023qpgesture
cheng2024siggesture,yang2024freetalker
cheng2024siggesture,yi2023talkshow
cheng2024siggesture,zhang2024semanticgesticulator
cheng2024siggesture,zhi2023livelyspeaker
cheng2024siggesture,zhu2023diffgesture
cheng2025conditional,ao2023gesturediffuclip
cheng2025conditional,cheng2024expgest
cheng2025conditional,ghorbani2023zeroeggs
cheng2025conditional,habibie2022motionmatching
cheng2025conditional,liu2022beat
cheng2025conditional,yang2023unifiedgesture
cheng2025conditional,yi2023talkshow
cheng2025conditional,yoon2022genea
cheng2025conditional,zhu2023diffgesture
cheng2025didiffges,ao2023gesturediffuclip
cheng2025didiffges,cheng2024expgest
cheng2025didiffges,cheng2025hologest
cheng2025didiffges,ghorbani2023zeroeggs
cheng2025didiffges,habibie2022motionmatching
cheng2025didiffges,liu2022angie
cheng2025didiffges,liu2022beat
cheng2025didiffges,yang2023diffusestylegesture
cheng2025didiffges,yang2024freetalker
cheng2025didiffges,yi2023talkshow
cheng2025didiffges,yoon2022genea
cheng2025didiffges,zhu2023diffgesture
cheng2025holegest,alexanderson2023listen
cheng2025holegest,ao2023gesturediffuclip
cheng2025holegest,ghorbani2023zeroeggs
cheng2025holegest,habibie2022motionmatching
cheng2025holegest,liu2022beat
cheng2025holegest,yang2023diffusestylegesture
cheng2025holegest,yang2023unifiedgesture
cheng2025holegest,yang2024freetalker
cheng2025holegest,yi2023talkshow
cheng2025holegest,yoon2022genea
cheng2025holegest,zhu2023diffgesture
cheng2025hologest,alexanderson2023listen
cheng2025hologest,ao2023gesturediffuclip
cheng2025hologest,cheng2024expgest
cheng2025hologest,ghorbani2023zeroeggs
cheng2025hologest,habibie2022motionmatching
cheng2025hologest,liu2022beat
cheng2025hologest,liu2024emage
cheng2025hologest,yang2023diffusestylegesture
cheng2025hologest,yang2023unifiedgesture
cheng2025hologest,yang2024freetalker
cheng2025hologest,yi2023talkshow
cheng2025hologest,yoon2022genea
cheng2025hologest,zhu2023diffgesture
cheng2025hop,kim2023mpe4g
cheng2025hop,kucherenko2023genea2023
cheng2025hop,liu2022angie
cheng2025hop,liu2022beat
cheng2025hop,liu2022ha2g
cheng2025hop,liu2024emage
cheng2025hop,mughal2024convofusion
cheng2025hop,nyatsanga2023review
cheng2025hop,teshima2023act2g
cheng2025hop,wang2024cmq
cheng2025hop,yang2023diffusestylegesture
cheng2025hop,yoon2022genea
cheng2025hop,zhu2023diffgesture
chhatre2024amuse,alexanderson2023listen
chhatre2024amuse,ao2022rhythmic
chhatre2024amuse,ao2023gesturediffuclip
chhatre2024amuse,ghorbani2023zeroeggs
chhatre2024amuse,habibie2022motionmatching
chhatre2024amuse,kim2023mpe4g
chhatre2024amuse,liu2022beat
chhatre2024amuse,liu2024emage
chhatre2024amuse,lu2023discrete
chhatre2024amuse,mehta2023difftts
chhatre2024amuse,nyatsanga2023review
chhatre2024amuse,pang2023bodyformer
chhatre2024amuse,qi2024emotiongesture
chhatre2024amuse,sun2023racer
chhatre2024amuse,wu2023csgn
chhatre2024amuse,yang2023diffusestylegesture
chhatre2024amuse,yang2023qpgesture
chhatre2024amuse,yazdian2022gesture2vec
chhatre2024amuse,yi2023talkshow
chhatre2024amuse,yin2023emog
chhatre2024amuse,yoon2022genea
chhatre2024amuse,zhu2023diffgesture
chhatre2025emotional,alexanderson2023listen
chhatre2025emotional,ghorbani2023zeroeggs
chhatre2025emotional,habibie2022motionmatching
chhatre2025emotional,li2023audio2gestures
chhatre2025emotional,liu2022beat
chhatre2025emotional,werner2024gesture
chhatre2025emotional,yang2023diffusestylegesture
chhatre2025emotional,yin2023emog
choi2026rvq,cheng2024siggesture
choi2026rvq,ghorbani2023zeroeggs
choi2026rvq,liu2022beat
choi2026rvq,liu2022ha2g
choi2026rvq,liu2025gesturelsm
choi2026rvq,voss2023aqgt
choi2026rvq,yang2023diffusestyleplus
choi2026rvq,yang2025gesturehydra
choi2026rvq,zhang2024semanticgesticulator
choi2026rvq,zhi2023livelyspeaker
choi2026rvq,zhu2023diffgesture
crnek2025advancing,ghorbani2023zeroeggs
crnek2025advancing,he2022realtime
crnek2025advancing,kucherenko2023genea2023
crnek2025advancing,kucherenko2024genea2022
crnek2025advancing,liu2022ha2g
crnek2025advancing,nyatsanga2023review
crnek2025advancing,wolfert2024evaluation
crnek2025advancing,yoon2022genea
crnek2025controllable,alexanderson2023listen
crnek2025controllable,ao2023gesturediffuclip
crnek2025controllable,crnek2025advancing
crnek2025controllable,deichler2023gestclip
crnek2025controllable,ghorbani2023zeroeggs
crnek2025controllable,habibie2022motionmatching
crnek2025controllable,kucherenko2023genea2023
crnek2025controllable,nyatsanga2023review
crnek2025controllable,wolfert2024evaluation
crnek2025controllable,wu2023extrovert
crnek2025controllable,zhang2024personagestor
deichler2023gestclip,alexanderson2023listen
deichler2023gestclip,ao2023gesturediffuclip
deichler2023gestclip,ghorbani2023zeroeggs
deichler2023gestclip,kucherenko2023genea2023
deichler2023gestclip,mehta2023difftts
deichler2023gestclip,nyatsanga2023review
deichler2023gestclip,yazdian2022gesture2vec
deichler2023gestclip,zhang2023diffmotion
deichler2024mmconv,ao2023gesturediffuclip
deichler2024mmconv,deichler2023gestclip
deichler2024spatial,deichler2023gestclip
deichler2024spatial,kucherenko2023genea2023
deichler2024spatial,mehta2024fake
deichler2025grounded,ao2023gesturediffuclip
deichler2025grounded,deichler2023gestclip
deichler2025grounded,deichler2024mmconv
deichler2025grounded,deichler2024spatial
deichler2025grounded,liu2022beat
deichler2025grounded,liu2024emage
deichler2025grounded,yi2023talkshow
ding2026cospeech,ahuja2023cdiffgan
ding2026cospeech,ao2023gesturediffuclip
ding2026cospeech,chen2025meco
ding2026cospeech,fares2023transtyler
ding2026cospeech,fares2023zeroshotb
ding2026cospeech,ghorbani2023zeroeggs
ding2026cospeech,kucherenko2024genea2022
ding2026cospeech,liu2022beat
ding2026cospeech,liu2022ha2g
ding2026cospeech,nyatsanga2023review
ding2026cospeech,shen2025tedculture
ding2026cospeech,yang2023diffusestylegesture
ding2026cospeech,yi2023talkshow
ding2026cospeech,zhang2024personagestor
ding2026cospeech,zhu2023diffgesture
ding2026gestadapt,adeli2026puppeteer
ding2026gestadapt,chen2024diffsheg
ding2026gestadapt,ding2026cospeech
ding2026gestadapt,ghorbani2023zeroeggs
ding2026gestadapt,kucherenko2024genea2022
ding2026gestadapt,liang2026physdrift
ding2026gestadapt,liu2022beat
ding2026gestadapt,liu2022ha2g
ding2026gestadapt,liu2024emage
ding2026gestadapt,nyatsanga2023review
ding2026gestadapt,rajan2026interactalker
ding2026gestadapt,wang2026robogesture
ding2026gestadapt,yang2025gesturehydra
ding2026gestadapt,yi2023talkshow
ding2026gestadapt,zhu2023diffgesture
du2025synthetically,ao2022rhythmic
du2025synthetically,ao2023gesturediffuclip
du2025synthetically,chhatre2024amuse
du2025synthetically,ghorbani2023zeroeggs
du2025synthetically,habibie2022motionmatching
du2025synthetically,he2022realtime
du2025synthetically,kebe2024gestics
du2025synthetically,kucherenko2023genea2023
du2025synthetically,liu2022beat
du2025synthetically,liu2024emage
du2025synthetically,nyatsanga2023review
du2025synthetically,pang2023bodyformer
du2025synthetically,voss2023augmented
du2025synthetically,yoon2022genea
du2025synthetically,zeng2024impression
du2025synthetically,zhang2024semanticgesticulator
du2026reality,ali2025multilingual
du2026reality,chen2025meco
du2026reality,cheng2025hologest
du2026reality,cheng2025hop
du2026reality,chhatre2024amuse
du2026reality,crnek2025advancing
du2026reality,du2025synthetically
du2026reality,kucherenko2023genea2023
du2026reality,kucherenko2024genea2022
du2026reality,liu2024emage
du2026reality,liu2025gesturelsm
du2026reality,ng2024audio2photoreal
du2026reality,nyatsanga2023review
du2026reality,qi2024emotiontransition
du2026reality,yang2023diffusestylegesture
du2026reality,zhang2024semanticgesticulator
elmasry2025diffusion,alexanderson2023listen
elmasry2025diffusion,ao2023gesturediffuclip
elmasry2025diffusion,ghorbani2023zeroeggs
elmasry2025diffusion,liu2022ha2g
elmasry2025diffusion,yi2023talkshow
elmasry2025diffusion,zhu2023diffgesture
fang2025coordspeaker,alexanderson2023listen
fang2025coordspeaker,ao2023gesturediffuclip
fang2025coordspeaker,chen2024diffsheg
fang2025coordspeaker,chen2024syntalker
fang2025coordspeaker,cheng2024siggesture
fang2025coordspeaker,ghorbani2023zeroeggs
fang2025coordspeaker,liu2022beat
fang2025coordspeaker,liu2024emage
fang2025coordspeaker,mughal2024convofusion
fang2025coordspeaker,nyatsanga2023review
fang2025coordspeaker,pang2023bodyformer
fang2025coordspeaker,qi2024emotiongesture
fang2025coordspeaker,qi2024emotiontransition
fang2025coordspeaker,xu2024chain
fang2025coordspeaker,xu2024mambatalk
fang2025coordspeaker,yang2023diffusestylegesture
fang2025coordspeaker,yang2023diffusestyleplus
fang2025coordspeaker,yang2023unifiedgesture
fang2025coordspeaker,yang2024freetalker
fang2025coordspeaker,zhang2023diffmotion
fang2025coordspeaker,zhi2023livelyspeaker
fang2025coordspeaker,zhu2023diffgesture
fang2025semgest,chen2024diffsheg
fang2025semgest,chen2024syntalker
fang2025semgest,chhatre2024amuse
fang2025semgest,fu2024mambagesture
fang2025semgest,ghorbani2023zeroeggs
fang2025semgest,habibie2022motionmatching
fang2025semgest,liu2022beat
fang2025semgest,liu2022ha2g
fang2025semgest,liu2024emage
fang2025semgest,liu2024emphasizing
fang2025semgest,mao2024mdta2g
fang2025semgest,qi2024emotiongesture
fang2025semgest,qi2024emotiontransition
fang2025semgest,wang2025mmofusion
fang2025semgest,yang2023diffusestylegesture
fang2025semgest,yang2023qpgesture
fang2025semgest,yang2024freetalker
fang2025semgest,yi2023talkshow
fang2025semgest,zhi2023livelyspeaker
fang2025semgest,zhu2023diffgesture
fares2023meta4,fares2023zeroshotb
fares2023transtyler,fares2023zeroshot
fares2023transtyler,fares2023zeroshotb
fares2023transtyler,ghorbani2023zeroeggs
fares2023transtyler,kucherenko2024genea2022
fares2023transtyler,xu2024mambatalk
fares2025transtyler,fares2023zeroshotb
fares2025transtyler,ghorbani2023zeroeggs
fares2025transtyler,kucherenko2024genea2022
fares2025transtyler,meng2025varges
fares2025transtyler,xu2024mambatalk
favali2024tag2g,habibie2022motionmatching
favali2024tag2g,korzun2023finemotion
favali2024tag2g,kucherenko2023genea2023
favali2024tag2g,liu2022beat
favali2024tag2g,nyatsanga2023review
favali2024tag2g,schmuck2023kclsair
favali2024tag2g,tuyen2023twonot
favali2024tag2g,yang2023diffusestylegesture
favali2024tag2g,yang2023unifiedgesture
favali2024tag2g,yazdian2022gesture2vec
favali2024tag2g,yoon2022genea
favali2025expressive,korzun2023finemotion
favali2025expressive,kucherenko2023genea2023
favali2025expressive,liu2022beat
favali2025expressive,nyatsanga2023review
favali2025expressive,yang2023diffusestylegesture
favali2025expressive,yang2023diffusestyleplus
fernandezrodicio2025evaluating,he2022realtime
fernandezrodicio2025evaluating,kucherenko2023genea2023
fernandezrodicio2025evaluating,lim2024pepper
fernandezrodicio2025evaluating,lu2023discrete
fernandezrodicio2025evaluating,salcedo2023gert
fernandezrodicio2025evaluating,yazdian2022gesture2vec
fernandezrodicio2025evaluating,zhang2024semanticgesticulator
fernandezrodicio2025evaluating,zhi2023livelyspeaker
fernandezrodicio2025predicting,bhattacharya2024speech2unifiedexpressions
fernandezrodicio2025predicting,fernandezrodicio2025evaluating
fernandezrodicio2025predicting,gao2024gesgpt
fernandezrodicio2025predicting,lim2024pepper
fernandezrodicio2025predicting,liu2025gesturelsm
fernandezrodicio2025predicting,qi2025co3gesture
fernandezrodicio2025predicting,qi2025cocogesture
fernandezrodicio2025predicting,yazdian2022gesture2vec
fernandezrodicio2025predicting,zhang2024semanticgesticulator
fu2024mambagesture,alexanderson2023listen
fu2024mambagesture,chen2024diffsheg
fu2024mambagesture,chhatre2024amuse
fu2024mambagesture,liu2022beat
fu2024mambagesture,liu2022ha2g
fu2024mambagesture,nyatsanga2023review
fu2024mambagesture,wang2025mmofusion
fu2024mambagesture,yang2023diffusestylegesture
fu2024mambagesture,yang2023diffusestyleplus
fu2024mambagesture,yang2023unifiedgesture
fu2024mambagesture,yang2024freetalker
fu2024mambagesture,yi2023talkshow
fu2024mambagesture,zhi2023livelyspeaker
fu2024mambagesture,zhu2023diffgesture
fu2026mambagesture2,chen2024diffsheg
fu2026mambagesture2,cheng2024expgest
fu2026mambagesture2,cheng2024siggesture
fu2026mambagesture2,cheng2025conditional
fu2026mambagesture2,fu2024mambagesture
fu2026mambagesture2,liu2022beat
fu2026mambagesture2,liu2024emage
fu2026mambagesture2,liu2024probtalk
fu2026mambagesture2,mao2024mdta2g
fu2026mambagesture2,mughal2024convofusion
fu2026mambagesture2,qi2024emotiongesture
fu2026mambagesture2,wang2024cmq
fu2026mambagesture2,wang2025mmofusion
fu2026mambagesture2,xu2023icgn
fu2026mambagesture2,xu2025combo
fu2026mambagesture2,yang2023diffusestylegesture
fu2026mambagesture2,yang2023diffusestyleplus
fu2026mambagesture2,yi2023talkshow
fu2026mambagesture2,zhang2024hda2g
fu2026mambagesture2,zhang2024semanticgesticulator
galatolo2025simultaneous,mughal2024convofusion
galatolo2025simultaneous,oralbayeva2023survey
galatolo2025simultaneous,teshima2022typespecific
galatolo2025simultaneous,tuyen2023nao
galatolo2025simultaneous,xu2024gestran
galatolo2025simultaneous,yi2023talkshow
gao2024gesgpt,ao2022rhythmic
gao2024gesgpt,ghorbani2023zeroeggs
gao2024gesgpt,habibie2022motionmatching
gao2024gesgpt,liu2022beat
gao2024gesgpt,nyatsanga2023review
gao2024gesgpt,teshima2022typespecific
gao2024gesgpt,yang2023diffusestylegesture
gao2024gesgpt,yang2023qpgesture
gao2024gesgpt,yoon2022genea
gao2024gesgpt,zhu2023diffgesture
gao2025gesqa,bian2025motioncraft
gao2025gesqa,chen2024diffsheg
gao2025gesqa,chen2024syntalker
gao2025gesqa,chen2025languageofmotion
gao2025gesqa,chhatre2024amuse
gao2025gesqa,liu2022beat
gao2025gesqa,liu2024emage
gao2025gesqa,liu2024probtalk
gao2025gesqa,liu2025gesturelsm
gao2025gesqa,xu2024mambatalk
gao2025gesqa,yi2023talkshow
gao2025sarges,alexanderson2023listen
gao2025sarges,ao2023gesturediffuclip
gao2025sarges,chen2024diffsheg
gao2025sarges,gao2024gesgpt
gao2025sarges,nyatsanga2023review
gao2025sarges,teshima2022typespecific
gao2025sarges,yang2023diffusestylegesture
gao2025sarges,zhang2023diffmotion
gao2025sarges,zhang2024semanticgesticulator
gao2025sarges,zhao2023gesture
gao2025sarges,zhou2022reenactment
gao2026megaavatar,liu2025gesturelsm
ghosh2025activelistener,oralbayeva2023survey
gjaci2024labeling,gao2024gesgpt
gjaci2024labeling,habibie2022motionmatching
gjaci2024labeling,hensel2023large
gomezsanchez2024benchmarking,kucherenko2023genea2023
gomezsanchez2024benchmarking,tonoli2023diffusion
gomezsanchez2024benchmarking,xue2024codiffusegesture
gomezsanchez2024benchmarking,yang2023diffusestyleplus
gomezsanchez2024benchmarking,yang2024freetalker
gomezsanchez2024benchmarking,zhang2024personagestor
gomezsanchez2025features,hensel2023large
gomezsanchez2025features,kucherenko2023genea2023
gomezsanchez2025features,tonoli2024gesture
gomezsanchez2025features,yang2023diffusestyleplus
grondinverdon2025evaluating,abel2024realtime
grondinverdon2025evaluating,deichler2023gestclip
grondinverdon2025evaluating,kucherenko2023genea2023
guan2025audcast,chen2024diffsheg
guan2025audcast,chhatre2024amuse
guan2025audcast,corona2025vlogger
guan2025audcast,he2024mddiffusion
guan2025audcast,lin2024cyberhost
guan2025audcast,liu2022angie
guan2025audcast,liu2022ha2g
guan2025audcast,liu2024probtalk
guan2025audcast,liu2024tango
guan2025audcast,yang2023diffusestylegesture
guan2025audcast,yi2023talkshow
guan2025audcast,zhi2023livelyspeaker
guan2025audcast,zhu2023diffgesture
guichoux2024dimensionality,alexanderson2023listen
guichoux2024dimensionality,ao2023gesturediffuclip
guichoux2024dimensionality,chemburkar2023discrete
guichoux2024dimensionality,deichler2023gestclip
guichoux2024dimensionality,fares2023zeroshot
guichoux2024dimensionality,ghorbani2023zeroeggs
guichoux2024dimensionality,kucherenko2023genea2023
guichoux2024dimensionality,liu2022beat
guichoux2024dimensionality,liu2022ha2g
guichoux2024dimensionality,mehta2023difftts
guichoux2024dimensionality,nyatsanga2023review
guichoux2024dimensionality,tonoli2023diffusion
guichoux2024dimensionality,voss2023aqgt
guichoux2024dimensionality,windle2023ueab
guichoux2024dimensionality,yang2023diffusestylegesture
guichoux2024dimensionality,yang2023qpgesture
guichoux2024dimensionality,zhao2023diffugesture
guichoux2024dimensionality,zhu2023diffgesture
guichoux2024gesture2d,alexanderson2023listen
guichoux2024gesture2d,ao2023gesturediffuclip
guichoux2024gesture2d,chemburkar2023discrete
guichoux2024gesture2d,deichler2023gestclip
guichoux2024gesture2d,fares2023zeroshot
guichoux2024gesture2d,ghorbani2023zeroeggs
guichoux2024gesture2d,liu2022beat
guichoux2024gesture2d,mehta2023difftts
guichoux2024gesture2d,tonoli2023diffusion
guichoux2024gesture2d,voss2023aqgt
guichoux2024gesture2d,windle2023ueab
guichoux2024gesture2d,yang2023diffusestylegesture
guichoux2024gesture2d,yang2023qpgesture
guichoux2024gesture2d,zhao2023diffugesture
guichoux2024gesture2d,zhu2023diffgesture
guichoux2026gelina,alexanderson2023listen
guichoux2026gelina,guo2025fasttalker
guichoux2026gelina,liu2022beat
guichoux2026gelina,liu2024emage
guichoux2026gelina,mehta2023difftts
guichoux2026gelina,mehta2024fake
guichoux2026gelina,mehta2024matchttsg
guichoux2026gelina,mughal2025rag
guichoux2026gelina,nyatsanga2023review
guo2025fasttalker,liu2022beat
guo2025fasttalker,liu2022ha2g
guo2025fasttalker,liu2024emage
guo2025fasttalker,pang2023bodyformer
guo2025fasttalker,yang2023diffusestylegesture
guo2025fasttalker,yi2023talkshow
guo2025hip,ahuja2023cdiffgan
guo2025hip,ao2023gesturediffuclip
guo2025hip,chen2024diffsheg
guo2025hip,ghorbani2023zeroeggs
guo2025hip,liu2022angie
guo2025hip,liu2022beat
guo2025hip,liu2022ha2g
guo2025hip,liu2024probtalk
guo2025hip,xu2024mambatalk
guo2025hip,yang2023diffusestylegesture
guo2025hip,yang2023qpgesture
guo2025hip,yang2023unifiedgesture
guo2025hip,yazdian2022gesture2vec
guo2025hip,yi2023talkshow
guo2025hip,zhi2023livelyspeaker
guo2025hip,zhu2023diffgesture
guo2025trimm,bian2025motioncraft
guo2025trimm,chen2024diffsheg
guo2025trimm,ghorbani2023zeroeggs
guo2025trimm,habibie2022motionmatching
guo2025trimm,liu2022beat
guo2025trimm,wan2024building
guo2025trimm,wang2025mmofusion
guo2025trimm,yang2023diffusestylegesture
guo2025trimm,yang2023qpgesture
guo2025trimm,zhang2024personagestor
guo2026nerag,chen2024diffsheg
guo2026nerag,habibie2022motionmatching
guo2026nerag,li2023audio2gestures
guo2026nerag,liu2022beat
guo2026nerag,liu2024emage
guo2026nerag,liu2025semges
guo2026nerag,mughal2025rag
guo2026nerag,wan2024building
guo2026nerag,yang2023diffusestylegesture
guo2026nerag,yang2025gesturehydra
guo2026nerag,zhang2024personagestor
han2026llm,han2025llm
han2026llm,hensel2025richly
hanaizumi2026facecapges,chen2024diffsheg
hanaizumi2026facecapges,chhatre2024amuse
hanaizumi2026facecapges,deichler2023gestclip
hanaizumi2026facecapges,hogue2024diffted
hanaizumi2026facecapges,krome2023realtime
hanaizumi2026facecapges,liu2022beat
hanaizumi2026facecapges,liu2024emage
hanaizumi2026facecapges,yang2023diffusestylegesture
hanaizumi2026facecapges,zhu2023diffgesture
harz2023fein,kucherenko2023genea2023
harz2023fein,nyatsanga2023review
harz2023fein,yang2022reprgesture
harz2023fein,yoon2022genea
he2024mddiffusion,ghorbani2023zeroeggs
he2024mddiffusion,kucherenko2023genea2023
he2024mddiffusion,liu2022angie
he2024mddiffusion,liu2022beat
he2024mddiffusion,liu2022ha2g
he2024mddiffusion,yang2023diffusestylegesture
he2024mddiffusion,yoon2022genea
he2024mddiffusion,zhou2022reenactment
he2026desformer,ao2023gesturediffuclip
he2026desformer,qi2024emotiongesture
hensel2023large,ao2022rhythmic
hensel2023large,fares2023zeroshotb
hensel2023large,gao2024gesgpt
hensel2023large,ghorbani2023zeroeggs
hensel2023large,nyatsanga2023review
hensel2025richly,gao2024gesgpt
hensel2025richly,hensel2023large
hensel2025richly,liu2022beat
hoangminh2025deepgesture,alexanderson2023listen
hoangminh2025deepgesture,ao2023gesturediffuclip
hoangminh2025deepgesture,ghorbani2023zeroeggs
hoangminh2025deepgesture,liu2022beat
hoangminh2025deepgesture,liu2022ha2g
hoangminh2025deepgesture,nagy2024geneaboard
hoangminh2025deepgesture,xu2022freemo
hoangminh2025deepgesture,yang2022reprgesture
hoangminh2025deepgesture,yang2023diffusestylegesture
hoangminh2025deepgesture,yang2023diffusestyleplus
hoangminh2025deepgesture,yang2024freetalker
hoangminh2025deepgesture,yoon2022genea
hogue2024diffted,alexanderson2023listen
hogue2024diffted,ao2022rhythmic
hogue2024diffted,ao2023gesturediffuclip
hogue2024diffted,deichler2023gestclip
hogue2024diffted,liu2022angie
hogue2024diffted,liu2022ha2g
hogue2024diffted,pang2023bodyformer
hogue2024diffted,sun2023racer
hogue2024diffted,yang2023diffusestylegesture
hogue2024diffted,yang2023qpgesture
hogue2024diffted,zhang2024dr2
hogue2024diffted,zhu2023diffgesture
hogue2025joint,ao2022rhythmic
hogue2025joint,ao2023gesturediffuclip
hogue2025joint,chen2024diffsheg
hogue2025joint,deichler2023gestclip
hogue2025joint,liu2022angie
hogue2025joint,liu2022beat
hogue2025joint,liu2022ha2g
hogue2025joint,liu2024emage
hogue2025joint,pang2023bodyformer
hogue2025joint,sun2023racer
hogue2025joint,yang2023diffusestylegesture
hogue2025joint,yi2023talkshow
hogue2025joint,zhu2023diffgesture
hu2026dualtrack,guichoux2026gelina
hu2026dualtrack,liu2022beat
hu2026dualtrack,liu2024emage
hu2026dualtrack,mehta2023difftts
hu2026dualtrack,mehta2024fake
hu2026dualtrack,mehta2024matchttsg
hu2026dualtrack,zhu2023diffgesture
huan2025review,alexanderson2023listen
huan2025review,ao2022rhythmic
huan2025review,ghorbani2023zeroeggs
huan2025review,ka2024vae
huan2025review,li2023audio2gestures
huan2025review,liu2022beat
huan2025review,liu2022ha2g
huan2025review,liu2024probtalk
huan2025review,nyatsanga2023review
huan2025review,qi2024emotiongesture
huan2025review,yang2023diffusestylegesture
huan2025review,zhou2022reenactment
huang2024interact,alexanderson2023listen
huang2024interact,ao2023gesturediffuclip
huang2024interact,ghorbani2023zeroeggs
huang2024interact,habibie2022motionmatching
huang2024interact,liu2022beat
huang2024interact,ng2024audio2photoreal
huang2024interact,pang2023bodyformer
huang2024interact,yi2023talkshow
huang2025fasttalker,ao2023gesturediffuclip
huang2025fasttalker,liu2022beat
huang2025fasttalker,liu2022ha2g
huang2025fasttalker,nyatsanga2023review
huang2025fasttalker,yang2023diffusestylegesture
huang2025fasttalker,yang2023diffusestyleplus
huang2025fasttalker,yang2024freetalker
huang2025fasttalker,yi2023talkshow
huang2025fasttalker,zhang2023diffmotion
huang2025interdiffusion,ao2023gesturediffuclip
huang2025interdiffusion,cheng2024expgest
huang2025interdiffusion,cheng2025conditional
huang2025interdiffusion,cheng2025didiffges
huang2025interdiffusion,cheng2025hologest
huang2025interdiffusion,habibie2022motionmatching
huang2025interdiffusion,liu2022angie
huang2025interdiffusion,liu2022beat
huang2025interdiffusion,yang2023diffusestylegesture
huang2025interdiffusion,yang2023unifiedgesture
huang2025interdiffusion,yang2024freetalker
huang2025interdiffusion,yi2023talkshow
huang2025interdiffusion,yoon2022genea
huang2025interdiffusion,zhu2023diffgesture
huang2025sigchat,alexanderson2023listen
huang2025sigchat,ghorbani2023zeroeggs
huang2025sigchat,habibie2022motionmatching
huang2025sigchat,kim2023mpe4g
huang2025sigchat,liu2022beat
huang2025sigchat,liu2024emage
huang2025sigchat,qi2024cocogesture
huang2025sigchat,voss2023aqgt
huang2025sigchat,yang2023diffusestylegesture
huang2025sigchat,yang2023diffusestyleplus
huang2025sigchat,yin2023emog
huang2025sigchat,zhi2023livelyspeaker
ishii2023farahead,ao2022rhythmic
ishii2023farahead,fares2023zeroshotb
ishii2023farahead,habibie2022motionmatching
ishii2023farahead,nyatsanga2023review
ishii2023farahead,yoon2022genea
ishii2023farahead,zhou2022reenactment
ishii2023farahead,zhuang2022textspeech
ishii2025personality,ao2022rhythmic
ishii2025personality,fares2023zeroshotb
ishii2025personality,habibie2022motionmatching
ishii2025personality,nyatsanga2023review
ishii2025personality,shibasaki2024pidm
ishii2025personality,xu2024gestran
ishii2025personality,yoon2022genea
ishii2025personality,zhou2022reenactment
ishii2025personality,zhuang2022textspeech
ito2025listening,deichler2023gestclip
ji2023c2g2,ao2023gesturediffuclip
ji2023c2g2,liu2022ha2g
ji2023c2g2,lu2023discrete
ji2023c2g2,nyatsanga2023review
ji2023c2g2,qi2024emotiongesture
ji2023c2g2,yang2023diffusestylegesture
ji2023c2g2,ye2023salient
ji2023c2g2,yi2023talkshow
ji2023c2g2,zhu2023diffgesture
jiang2026smoothsync,alexanderson2023listen
jiang2026smoothsync,chen2024diffsheg
jiang2026smoothsync,cheng2025didiffges
jiang2026smoothsync,liu2022beat
jiang2026smoothsync,liu2022ha2g
jiang2026smoothsync,liu2024emage
jiang2026smoothsync,mao2024mdta2g
jiang2026smoothsync,wang2025mmofusion
jiang2026smoothsync,yi2023talkshow
jiang2026smoothsync,zhang2025echomask
jiang2026smoothsync,zhang2025semtalk
jiang2026smoothsync,zhi2023livelyspeaker
jiang2026smoothsync,zhu2023diffgesture
jiang2026superstar,chen2024syntalker
jiang2026superstar,chen2025languageofmotion
jiang2026superstar,cheng2024siggesture
jiang2026superstar,cheng2025holegest
jiang2026superstar,cheng2025hop
jiang2026superstar,chhatre2024amuse
jiang2026superstar,ghorbani2023zeroeggs
jiang2026superstar,kim2024body
jiang2026superstar,krome2023realtime
jiang2026superstar,liu2024emage
jiang2026superstar,liu2025gesturelsm
jiang2026superstar,liu2025semges
jiang2026superstar,mclean2025embody
jiang2026superstar,ng2024audio2photoreal
jiang2026superstar,qi2025co3gesture
jiang2026superstar,yang2023diffusestylegesture
jiang2026superstar,yi2023talkshow
jiang2026superstar,zhan2026umo
jiang2026superstar,zhang2024semanticgesticulator
jiang2026superstar,zhang2025semtalk
jiang2026superstar,zhu2023diffgesture
kebe2024gestics,ahuja2023cdiffgan
kebe2024gestics,ghorbani2023zeroeggs
kebe2024gestics,liu2022beat
kebe2024gestics,yoon2022genea
kim2023features,habibie2022motionmatching
kim2023features,kim2023mpe4g
kim2023features,kucherenko2023genea2023
kim2023features,liu2022ha2g
kim2023features,liu2023speechgan
kim2023features,lu2023discrete
kim2023features,yoon2022genea
kim2023features,zhang2023diffmotion
kim2023kuispl,alexanderson2023listen
kim2023kuispl,ao2023gesturediffuclip
kim2023kuispl,kim2023mpe4g
kim2023kuispl,kucherenko2023genea2023
kim2023kuispl,liu2022ha2g
kim2023kuispl,yoon2022genea
kim2023kuispl,zhu2023diffgesture
kim2023mpe4g,liu2022ha2g
kim2023mpe4g,yoon2022genea
kim2024body,ao2022rhythmic
kim2024body,ao2023gesturediffuclip
kim2024body,ghorbani2023zeroeggs
kim2024body,habibie2022motionmatching
kim2024body,liu2022beat
kim2024body,liu2022ha2g
kim2024body,ng2024audio2photoreal
kim2024body,nyatsanga2023review
kim2024body,yoon2022genea
kim2024doctor,ali2025multilingual
kim2024semanticvqvae,liu2022beat
kim2024semanticvqvae,nyatsanga2023review
kim2024semanticvqvae,yang2023qpgesture
kim2024semanticvqvae,yazdian2022gesture2vec
kim2024semanticvqvae,yi2023talkshow
kim2024semanticvqvae,yoon2022genea
kim2025mars,liu2024emage
kim2025mars,yi2023talkshow
koren2026cgm,alexanderson2023listen
koren2026cgm,ao2023gesturediffuclip
koren2026cgm,chhatre2024amuse
koren2026cgm,deichler2023gestclip
koren2026cgm,kucherenko2023genea2023
koren2026cgm,liu2024emage
koren2026cgm,mughal2024convofusion
koren2026cgm,ng2024audio2photoreal
koren2026cgm,tuyen2023twonot
koren2026cgm,yang2023diffusestylegesture
koren2026cgm,yang2023diffusestyleplus
koren2026cgm,yang2023unifiedgesture
koren2026cgm,zhang2024semanticgesticulator
koren2026cgm,zhu2023diffgesture
korzun2023finemotion,kucherenko2023genea2023
korzun2023finemotion,yoon2022genea
krome2023realtime,ghorbani2023zeroeggs
krome2023realtime,nyatsanga2023review
krome2023realtime,yoon2022genea
krome2024framecage,alexanderson2023listen
krome2024framecage,ao2022rhythmic
krome2024framecage,deichler2023gestclip
krome2024framecage,fares2023zeroshotb
krome2024framecage,ghorbani2023zeroeggs
krome2024framecage,habibie2022motionmatching
krome2024framecage,krome2023realtime
krome2024framecage,li2023audio2gestures
krome2024framecage,nyatsanga2023review
krome2024framecage,yoon2022genea
krome2024framecage,zhu2023diffgesture
kucherenko2023genea2023,alexanderson2023listen
kucherenko2023genea2023,chemburkar2023discrete
kucherenko2023genea2023,deichler2023gestclip
kucherenko2023genea2023,harz2023fein
kucherenko2023genea2023,kim2023features
kucherenko2023genea2023,kim2023kuispl
kucherenko2023genea2023,kim2023mpe4g
kucherenko2023genea2023,korzun2023finemotion
kucherenko2023genea2023,kucherenko2024genea2022
kucherenko2023genea2023,liu2022beat
kucherenko2023genea2023,mehta2023difftts
kucherenko2023genea2023,nyatsanga2023review
kucherenko2023genea2023,schmuck2023kclsair
kucherenko2023genea2023,tonoli2023diffusion
kucherenko2023genea2023,windle2023ueab
kucherenko2023genea2023,yang2023diffusestylegesture
kucherenko2023genea2023,yang2023diffusestyleplus
kucherenko2023genea2023,yang2023qpgesture
kucherenko2023genea2023,yazdian2022gesture2vec
kucherenko2023genea2023,yoon2022genea
kucherenko2023genea2023,zhao2023diffugesture
kucherenko2023genea2023,zhao2023gesture
kucherenko2024genea2022,alexanderson2023listen
kucherenko2024genea2022,ao2022rhythmic
kucherenko2024genea2022,he2022realtime
kucherenko2024genea2022,kucherenko2023genea2023
kucherenko2024genea2022,liu2022beat
kucherenko2024genea2022,liu2022ha2g
kucherenko2024genea2022,mehta2023difftts
kucherenko2024genea2022,nyatsanga2023review
kucherenko2024genea2022,teshima2022typespecific
kucherenko2024genea2022,wolfert2023listening
kucherenko2024genea2022,yang2022reprgesture
kucherenko2024genea2022,yazdian2022gesture2vec
kucherenko2024genea2022,yoon2022genea
kucherenko2024genea2022,zhang2023diffmotion
lee2026multitpc,ghorbani2023zeroeggs
lee2026multitpc,liu2022beat
lee2026multitpc,tuyen2023lisi
lee2026robot,lu2023discrete
lee2026robot,yazdian2022gesture2vec
li2023audio2gestures,alexanderson2023listen
li2023audio2gestures,ao2022rhythmic
li2023audio2gestures,habibie2022motionmatching
li2023audio2gestures,liu2022beat
li2023audio2gestures,liu2022ha2g
li2023audio2gestures,yazdian2022gesture2vec
li2023audio2gestures,yi2023talkshow
li2023audio2gestures,zhang2023diffmotion
li2024gda,ao2023gesturediffuclip
li2024gda,ghorbani2023zeroeggs
li2024gda,liu2022beat
li2024gda,yi2023talkshow
li2024gda,zhu2023diffgesture
li2024learning,ao2022rhythmic
li2024learning,kim2023mpe4g
li2024learning,li2023audio2gestures
li2024learning,sun2023racer
li2025easygennet,ao2023gesturediffuclip
li2025easygennet,corona2025vlogger
li2025easygennet,lin2024cyberhost
li2025easygennet,liu2022angie
li2025easygennet,mahapatra2024meshes
li2025easygennet,yi2023talkshow
li2025easygennet,zhu2023diffgesture
li2025emodiffges,alexanderson2023listen
li2025emodiffges,ao2022rhythmic
li2025emodiffges,ao2023gesturediffuclip
li2025emodiffges,chen2024diffsheg
li2025emodiffges,chhatre2024amuse
li2025emodiffges,ghorbani2023zeroeggs
li2025emodiffges,liu2024emage
li2025emodiffges,nyatsanga2023review
li2025emodiffges,qi2024emotiongesture
li2025emodiffges,yang2023diffusestylegesture
li2025emodiffges,yi2023talkshow
li2025emodiffges,yin2023emog
li2025emodiffges,zhang2024semanticgesticulator
li2025emodiffges,zhu2023diffgesture
li2025implicit,chen2024diffsheg
li2025implicit,he2024mddiffusion
li2025implicit,liu2022ha2g
li2025implicit,liu2024emage
li2025implicit,yang2023diffusestylegesture
li2025implicit,yi2023talkshow
li2025implicit,zhu2023diffgesture
li2025roboperform,bian2025motioncraft
li2025roboperform,liu2024emage
li2026echog,chen2024diffsheg
li2026echog,fang2025coordspeaker
li2026echog,li2025roboperform
li2026echog,liang2026physdrift
li2026echog,liu2022beat
li2026echog,liu2024emage
li2026echog,liu2025gesturelsm
li2026echog,wang2026robogesture
li2026generation,alexanderson2023listen
li2026generation,ao2022rhythmic
li2026generation,cheng2025hop
li2026generation,ghorbani2023zeroeggs
li2026generation,ka2024vae
li2026generation,liu2022beat
li2026generation,liu2022ha2g
li2026generation,liu2024emage
li2026generation,liu2024probtalk
li2026generation,mughal2024convofusion
li2026generation,xiao2024eggesture
li2026generation,yang2023diffusestylegesture
li2026generation,yi2023talkshow
li2026generation,zhang2025echomask
li2026generation,zhu2023diffgesture
li2026globaldiff,ahuja2023cdiffgan
li2026globaldiff,alexanderson2023listen
li2026globaldiff,ao2023gesturediffuclip
li2026globaldiff,chen2024diffsheg
li2026globaldiff,chen2024syntalker
li2026globaldiff,cheng2025hologest
li2026globaldiff,chhatre2024amuse
li2026globaldiff,he2024mddiffusion
li2026globaldiff,liu2022beat
li2026globaldiff,liu2022ha2g
li2026globaldiff,liu2024emage
li2026globaldiff,liu2024probtalk
li2026globaldiff,mughal2025rag
li2026globaldiff,qi2024emotiongesture
li2026globaldiff,yang2023diffusestylegesture
li2026globaldiff,yi2023talkshow
li2026globaldiff,zhang2024personagestor
li2026globaldiff,zhang2025echomask
li2026globaldiff,zhang2025semtalk
li2026globaldiff,zhi2023livelyspeaker
li2026globaldiff,zhu2023diffgesture
liang2026physdrift,bian2025motioncraft
liang2026physdrift,chen2024syntalker
liang2026physdrift,cheng2025didiffges
liang2026physdrift,cheng2025hop
liang2026physdrift,fang2025coordspeaker
liang2026physdrift,fu2026mambagesture2
liang2026physdrift,ghorbani2023zeroeggs
liang2026physdrift,liu2022beat
liang2026physdrift,liu2024emage
liang2026physdrift,liu2025gesturelsm
liang2026physdrift,liu2025semges
liang2026physdrift,qi2024emotiongesture
liang2026physdrift,saleem2026livegesture
lin2026mira,chen2024diffsheg
lin2026mira,liang2026physdrift
lin2026mira,liu2022beat
lin2026mira,liu2022ha2g
lin2026mira,liu2024emage
lin2026mira,liu2025gesturelsm
lin2026mira,mughal2026miburi
lin2026mira,wang2026robogesture
lin2026mira,yi2023talkshow
lin2026mira,zhang2024semanticgesticulator
lin2026mira,zhu2023diffgesture
liu2023speechgan,liu2022beat
liu2023survey,liu2022angie
liu2023survey,liu2022beat
liu2023survey,liu2022ha2g
liu2023survey,nyatsanga2023review
liu2023survey,yoon2022genea
liu2023survey,zhu2023diffgesture
liu2024emage,ao2022rhythmic
liu2024emage,ao2023gesturediffuclip
liu2024emage,chhatre2024amuse
liu2024emage,ghorbani2023zeroeggs
liu2024emage,liu2022beat
liu2024emage,liu2022ha2g
liu2024emage,lu2023discrete
liu2024emage,pang2023bodyformer
liu2024emage,qi2024emotiongesture
liu2024emage,qi2024emotiontransition
liu2024emage,yang2023diffusestylegesture
liu2024emage,yang2023qpgesture
liu2024emage,yi2023talkshow
liu2024emage,zhi2023livelyspeaker
liu2024emage,zhou2022reenactment
liu2024emage,zhu2023diffgesture
liu2024emphasizing,liu2022ha2g
liu2024emphasizing,zhu2023diffgesture
liu2024harp,liu2022ha2g
liu2024probtalk,ao2022rhythmic
liu2024probtalk,ao2023gesturediffuclip
liu2024probtalk,liu2022beat
liu2024probtalk,liu2022ha2g
liu2024probtalk,qi2024emotiongesture
liu2024probtalk,yang2023diffusestylegesture
liu2024probtalk,yazdian2022gesture2vec
liu2024probtalk,yi2023talkshow
liu2024probtalk,yin2023emog
liu2024probtalk,zhu2023diffgesture
liu2024tango,ao2023gesturediffuclip
liu2024tango,he2024mddiffusion
liu2024tango,liu2022angie
liu2024tango,liu2022beat
liu2024tango,liu2022ha2g
liu2024tango,mughal2024convofusion
liu2024tango,nyatsanga2023review
liu2024tango,pang2023bodyformer
liu2024tango,qi2024emotiontransition
liu2024tango,yang2023diffusestylegesture
liu2024tango,yang2023qpgesture
liu2024tango,yi2023talkshow
liu2024tango,zhou2022reenactment
liu2024tango,zhu2023diffgesture
liu2025contextual,ao2022rhythmic
liu2025contextual,chen2024diffsheg
liu2025contextual,deichler2023gestclip
liu2025contextual,he2024mddiffusion
liu2025contextual,liu2022angie
liu2025contextual,liu2022beat
liu2025contextual,liu2022ha2g
liu2025contextual,liu2024tango
liu2025contextual,liu2025gesturelsm
liu2025contextual,mao2024mdta2g
liu2025contextual,meng2025echomimicv2
liu2025contextual,xu2024chain
liu2025contextual,yi2023talkshow
liu2025gesturelsm,chen2024diffsheg
liu2025gesturelsm,chen2024syntalker
liu2025gesturelsm,deichler2023gestclip
liu2025gesturelsm,liu2022beat
liu2025gesturelsm,liu2022ha2g
liu2025gesturelsm,liu2024probtalk
liu2025gesturelsm,liu2024tango
liu2025gesturelsm,liu2025contextual
liu2025gesturelsm,liu2025intentional
liu2025gesturelsm,liu2025semges
liu2025gesturelsm,xu2024chain
liu2025gesturelsm,xu2024mambatalk
liu2025gesturelsm,yi2023talkshow
liu2025gesturelsm,zhang2024semanticgesticulator
liu2025intentional,chen2024diffsheg
liu2025intentional,chen2024syntalker
liu2025intentional,deichler2023gestclip
liu2025intentional,liu2022beat
liu2025intentional,liu2022ha2g
liu2025intentional,liu2024probtalk
liu2025intentional,liu2024tango
liu2025intentional,liu2025contextual
liu2025intentional,liu2025gesturelsm
liu2025intentional,mughal2025rag
liu2025intentional,ng2024audio2photoreal
liu2025intentional,xu2024chain
liu2025intentional,xu2024mambatalk
liu2025intentional,yi2023talkshow
liu2025intentional,zhang2024semanticgesticulator
liu2025semges,ahuja2023cdiffgan
liu2025semges,alexanderson2023listen
liu2025semges,ao2023gesturediffuclip
liu2025semges,chen2024diffsheg
liu2025semges,chhatre2024amuse
liu2025semges,habibie2022motionmatching
liu2025semges,liu2022angie
liu2025semges,liu2022beat
liu2025semges,liu2022ha2g
liu2025semges,liu2023survey
liu2025semges,liu2024emage
liu2025semges,liu2025gesturelsm
liu2025semges,mughal2024convofusion
liu2025semges,mughal2025rag
liu2025semges,ng2024audio2photoreal
liu2025semges,nyatsanga2023review
liu2025semges,pang2023bodyformer
liu2025semges,qi2024emotiontransition
liu2025semges,sun2023racer
liu2025semges,voss2023augmented
liu2025semges,yang2023diffusestylegesture
liu2025semges,yang2023qpgesture
liu2025semges,yi2023talkshow
liu2025semges,zhang2024semanticgesticulator
liu2025semges,zhi2023livelyspeaker
liu2025semges,zhu2023diffgesture
liu2025semgesture,ao2023gesturediffuclip
liu2025semgesture,cheng2024siggesture
liu2025semgesture,fu2024mambagesture
liu2025semgesture,gao2024gesgpt
liu2025semgesture,liu2022beat
liu2025semgesture,liu2022ha2g
liu2025semgesture,yang2023diffusestyleplus
liu2025semgesture,yang2024freetalker
liu2025semgesture,zhang2024semanticgesticulator
liu2025semgesture,zhu2023diffgesture
liu2026agenthands,ao2023gesturediffuclip
liu2026agenthands,zhang2024semanticgesticulator
liu2026gesturefar,chen2024diffsheg
liu2026gesturefar,chen2024syntalker
liu2026gesturefar,liu2022ha2g
liu2026gesturefar,liu2024tango
liu2026gesturefar,liu2025contextual
liu2026gesturefar,liu2025gesturelsm
liu2026gesturefar,liu2025semges
liu2026gesturefar,mughal2026miburi
liu2026gesturefar,ng2024audio2photoreal
liu2026gesturefar,yi2023talkshow
liu2026mag,liu2022beat
liu2026mag,liu2022ha2g
liu2026mag,liu2024emage
liu2026mag,yang2023diffusestylegesture
liu2026mag,yi2023talkshow
liu2026mag,zhi2023livelyspeaker
lu2023discrete,ghorbani2023zeroeggs
lu2023discrete,liu2022ha2g
lu2024engages,ao2022rhythmic
lu2024engages,mughal2024convofusion
lu2024engages,nyatsanga2023review
lu2024transformer,liu2022ha2g
lu2024transformer,zhu2023diffgesture
lu2025iasa,chen2024diffsheg
lu2025iasa,corona2025vlogger
lu2025iasa,he2024mddiffusion
lu2025iasa,hogue2024diffted
lu2025iasa,lin2024cyberhost
lu2025iasa,liu2022angie
lu2025iasa,liu2024emage
lu2025iasa,liu2024tango
lu2025iasa,mahapatra2024meshes
lu2025iasa,meng2025echomimicv2
lu2025iasa,tian2025emo2
lu2025iasa,yi2023talkshow
lu2026dsfusion,alexanderson2023listen
lu2026dsfusion,chhatre2024amuse
lu2026dsfusion,fu2024mambagesture
lu2026dsfusion,liu2022beat
lu2026dsfusion,liu2024emage
lu2026dsfusion,mughal2024convofusion
lu2026dsfusion,yang2023diffusestylegesture
lu2026dsfusion,yi2023talkshow
lu2026dsfusion,zhu2023diffgesture
lu2026holistic,xu2025combo
lu2026holistic,yang2023diffusestylegesture
luo2026reactmotion,alexanderson2023listen
luo2026reactmotion,chen2024syntalker
luo2026reactmotion,chen2025languageofmotion
luo2026reactmotion,he2024mddiffusion
luo2026reactmotion,li2023audio2gestures
luo2026reactmotion,liu2024emage
luo2026reactmotion,liu2024probtalk
luo2026reactmotion,liu2025gesturelsm
luo2026reactmotion,mughal2024convofusion
luo2026reactmotion,ng2024audio2photoreal
luo2026reactmotion,sun2024beyond
luo2026reactmotion,yi2023talkshow
luo2026reactmotion,zhang2025echomask
luo2026reactmotion,zhang2025semtalk
lyu2026enhancing,zhang2024semanticgesticulator
ma2025playmate2,chen2025hunyuanvideoavatar
ma2025playmate2,lin2024cyberhost
ma2025playmate2,lin2025omnihuman
ma2026motionomni,agrawal2025seamless
ma2026motionomni,alexanderson2023listen
ma2026motionomni,chen2025languageofmotion
ma2026motionomni,guichoux2026gelina
ma2026motionomni,guo2025fasttalker
ma2026motionomni,kucherenko2024genea2022
ma2026motionomni,liu2024emage
ma2026motionomni,liu2025gesturelsm
ma2026motionomni,mehta2023difftts
ma2026motionomni,mehta2024fake
ma2026motionomni,mehta2024matchttsg
ma2026motionomni,mughal2026miburi
ma2026motionomni,nyatsanga2023review
ma2026motionomni,xu2024mambatalk
ma2026motionomni,yi2023talkshow
ma2026motionomni,zhang2025semtalk
ma2026motionomni,zhang2026vibes
mahapatra2024meshes,ao2023gesturediffuclip
mahapatra2024meshes,yang2023diffusestylegesture
mahapatra2024meshes,yi2023talkshow
mahapatra2024meshes,zhu2023diffgesture
mao2024mdta2g,alexanderson2023listen
mao2024mdta2g,ao2023gesturediffuclip
mao2024mdta2g,chen2024diffsheg
mao2024mdta2g,chhatre2024amuse
mao2024mdta2g,liu2022beat
mao2024mdta2g,liu2022ha2g
mao2024mdta2g,wang2025mmofusion
mao2024mdta2g,yang2023diffusestylegesture
mao2024mdta2g,yang2023diffusestyleplus
mao2024mdta2g,yang2023unifiedgesture
mao2024mdta2g,yang2024freetalker
mao2024mdta2g,yi2023talkshow
mao2024mdta2g,zhu2023diffgesture
mehta2023difftts,alexanderson2023listen
mehta2023difftts,ao2023gesturediffuclip
mehta2023difftts,ghorbani2023zeroeggs
mehta2023difftts,kucherenko2024genea2022
mehta2023difftts,nyatsanga2023review
mehta2023difftts,yoon2022genea
mehta2023difftts,zhang2023diffmotion
mehta2024fake,alexanderson2023listen
mehta2024fake,ao2023gesturediffuclip
mehta2024fake,deichler2023gestclip
mehta2024fake,ghorbani2023zeroeggs
mehta2024fake,hensel2023large
mehta2024fake,kucherenko2023genea2023
mehta2024fake,kucherenko2024genea2022
mehta2024fake,liu2022beat
mehta2024fake,lu2023discrete
mehta2024fake,mehta2023difftts
mehta2024fake,mehta2024matchttsg
mehta2024fake,ng2024audio2photoreal
mehta2024fake,nyatsanga2023review
mehta2024fake,yang2023diffusestylegesture
mehta2024fake,yang2023diffusestyleplus
mehta2024fake,yang2023qpgesture
mehta2024fake,yazdian2022gesture2vec
mehta2024fake,yi2023talkshow
mehta2024fake,yoon2022genea
mehta2024fake,zhang2023diffmotion
mehta2024fake,zhu2023diffgesture
mehta2024matchttsg,alexanderson2023listen
mehta2024matchttsg,ao2023gesturediffuclip
mehta2024matchttsg,deichler2023gestclip
mehta2024matchttsg,kucherenko2023genea2023
mehta2024matchttsg,kucherenko2024genea2022
mehta2024matchttsg,mehta2023difftts
mehta2024matchttsg,nyatsanga2023review
mehta2024matchttsg,yoon2022genea
meng2025varges,alexanderson2023listen
meng2025varges,ao2022rhythmic
meng2025varges,ao2023gesturediffuclip
meng2025varges,kucherenko2024genea2022
meng2025varges,liu2022beat
meng2025varges,liu2022ha2g
meng2025varges,xue2024codiffusegesture
meng2025varges,yang2023qpgesture
meng2025varges,yazdian2022gesture2vec
meng2025varges,yi2023talkshow
meng2025varges,zhu2023diffgesture
merz2025impact,ghorbani2023zeroeggs
merz2025impact,krome2023realtime
merz2025impact,krome2024framecage
merz2025impact,kucherenko2023genea2023
merz2025impact,nyatsanga2023review
merz2025impact,sonlu2024personality
merz2025impact,voss2023augmented
merz2025impact,werner2024gesture
merz2025impact,yoon2022genea
montielvazquez2026iconic,fernandezrodicio2025evaluating
montielvazquez2026iconic,gao2025sarges
montielvazquez2026iconic,ishii2025personality
montielvazquez2026iconic,li2024learning
montielvazquez2026iconic,liu2022beat
montielvazquez2026iconic,liu2023speechgan
montielvazquez2026iconic,liu2024emage
montielvazquez2026iconic,nyatsanga2023review
montielvazquez2026iconic,omine2025nonphotorealistic
montielvazquez2026iconic,yang2023diffusestylegesture
montielvazquez2026iconic,zhang2025semtalk
morenovillamarin2024multiresolution,alexanderson2023listen
morenovillamarin2024multiresolution,ng2024audio2photoreal
morenovillamarin2024multiresolution,xu2022freemo
mughal2024convofusion,ao2022rhythmic
mughal2024convofusion,ao2023gesturediffuclip
mughal2024convofusion,ghorbani2023zeroeggs
mughal2024convofusion,habibie2022motionmatching
mughal2024convofusion,liu2022angie
mughal2024convofusion,liu2022beat
mughal2024convofusion,liu2022ha2g
mughal2024convofusion,nyatsanga2023review
mughal2024convofusion,yang2023diffusestylegesture
mughal2024convofusion,yi2023talkshow
mughal2024convofusion,zhao2023diffugesture
mughal2024convofusion,zhu2023diffgesture
mughal2025rag,ao2023gesturediffuclip
mughal2025rag,ghorbani2023zeroeggs
mughal2025rag,habibie2022motionmatching
mughal2025rag,liu2022beat
mughal2025rag,liu2024emage
mughal2025rag,mughal2024convofusion
mughal2025rag,nagy2024geneaboard
mughal2025rag,ng2024audio2photoreal
mughal2025rag,nyatsanga2023review
mughal2025rag,yi2023talkshow
mughal2025rag,yoon2022genea
mughal2025rag,zhang2024semanticgesticulator
mughal2025rag,zhao2023diffugesture
mughal2025rag,zhi2023livelyspeaker
mughal2026miburi,abel2024realtime
mughal2026miburi,ao2023gesturediffuclip
mughal2026miburi,ghorbani2023zeroeggs
mughal2026miburi,liu2022beat
mughal2026miburi,liu2024emage
mughal2026miburi,liu2025gesturelsm
mughal2026miburi,mughal2024convofusion
mughal2026miburi,mughal2025rag
mughal2026miburi,nagy2026reliable
mughal2026miburi,ng2024audio2photoreal
mughal2026miburi,xu2024mambatalk
mughal2026miburi,zhang2024semanticgesticulator
mughal2026miburi,zhao2023diffugesture
nagy2024geneaboard,ahuja2023cdiffgan
nagy2024geneaboard,alexanderson2023listen
nagy2024geneaboard,ao2023gesturediffuclip
nagy2024geneaboard,chen2024diffsheg
nagy2024geneaboard,chhatre2024amuse
nagy2024geneaboard,deichler2023gestclip
nagy2024geneaboard,ghorbani2023zeroeggs
nagy2024geneaboard,habibie2022motionmatching
nagy2024geneaboard,kucherenko2023genea2023
nagy2024geneaboard,kucherenko2024genea2022
nagy2024geneaboard,liu2022beat
nagy2024geneaboard,liu2022ha2g
nagy2024geneaboard,liu2024emage
nagy2024geneaboard,mughal2024convofusion
nagy2024geneaboard,ng2024audio2photoreal
nagy2024geneaboard,nyatsanga2023review
nagy2024geneaboard,pang2023bodyformer
nagy2024geneaboard,qi2024emotiontransition
nagy2024geneaboard,sun2023racer
nagy2024geneaboard,teshima2022typespecific
nagy2024geneaboard,yang2023diffusestylegesture
nagy2024geneaboard,yang2023qpgesture
nagy2024geneaboard,yazdian2022gesture2vec
nagy2024geneaboard,yi2023talkshow
nagy2024geneaboard,yoon2022genea
nagy2024geneaboard,zhang2023diffmotion
nagy2024geneaboard,zhang2024semanticgesticulator
nagy2024geneaboard,zhi2023livelyspeaker
nagy2024geneaboard,zhu2023diffgesture
nagy2026genea,agrawal2025seamless
nagy2026genea,kucherenko2023genea2023
nagy2026genea,kucherenko2024genea2022
nagy2026reliable,ahuja2023cdiffgan
nagy2026reliable,alexanderson2023listen
nagy2026reliable,ao2023gesturediffuclip
nagy2026reliable,chen2024diffsheg
nagy2026reliable,chen2025languageofmotion
nagy2026reliable,chen2025meco
nagy2026reliable,cheng2024siggesture
nagy2026reliable,cheng2025hologest
nagy2026reliable,cheng2025hop
nagy2026reliable,chhatre2024amuse
nagy2026reliable,crnek2025advancing
nagy2026reliable,deichler2023gestclip
nagy2026reliable,du2025synthetically
nagy2026reliable,ghorbani2023zeroeggs
nagy2026reliable,kucherenko2023genea2023
nagy2026reliable,kucherenko2024genea2022
nagy2026reliable,liu2022beat
nagy2026reliable,liu2022ha2g
nagy2026reliable,liu2024emage
nagy2026reliable,liu2024probtalk
nagy2026reliable,liu2025gesturelsm
nagy2026reliable,liu2025semges
nagy2026reliable,mughal2024convofusion
nagy2026reliable,mughal2025rag
nagy2026reliable,ng2024audio2photoreal
nagy2026reliable,nyatsanga2023review
nagy2026reliable,pang2023bodyformer
nagy2026reliable,qi2024emotiontransition
nagy2026reliable,sun2023racer
nagy2026reliable,voss2023aqgt
nagy2026reliable,yang2023diffusestylegesture
nagy2026reliable,yang2023diffusestyleplus
nagy2026reliable,yang2023qpgesture
nagy2026reliable,yazdian2022gesture2vec
nagy2026reliable,yi2023talkshow
nagy2026reliable,yoon2022genea
nagy2026reliable,zhang2024semanticgesticulator
nagy2026reliable,zhang2025semtalk
nagy2026reliable,zhi2023livelyspeaker
nagy2026reliable,zhu2023diffgesture
ng2024audio2photoreal,alexanderson2023listen
ng2024audio2photoreal,ao2023gesturediffuclip
ng2024audio2photoreal,liu2022beat
ng2024audio2photoreal,yi2023talkshow
ng2024audio2photoreal,zhi2023livelyspeaker
ngo2026medical,kucherenko2023genea2023
ngo2026medical,liu2022ha2g
ngo2026medical,liu2023speechgan
ngo2026medical,tonoli2023diffusion
ngo2026medical,yang2023diffusestylegesture
ngo2026medical,yang2023qpgesture
ngo2026medical,zhang2024semanticgesticulator
ngo2026medical,zhao2023diffugesture
nichols2026holistic,galatolo2025simultaneous
niu2024audio2ab,ao2022rhythmic
niu2024audio2ab,ghorbani2023zeroeggs
niu2024audio2ab,xu2022freemo
nyatsanga2023review,ao2022rhythmic
nyatsanga2023review,fares2023zeroshotb
nyatsanga2023review,ghorbani2023zeroeggs
nyatsanga2023review,habibie2022motionmatching
nyatsanga2023review,he2022realtime
nyatsanga2023review,kucherenko2024genea2022
nyatsanga2023review,liu2022beat
nyatsanga2023review,yoon2022genea
nyatsanga2023review,zhou2022reenactment
nyatsanga2023review,zhuang2022textspeech
okadome2024generating,alexanderson2023listen
okadome2024generating,yazdian2022gesture2vec
okadome2025interaction,alexanderson2023listen
okadome2025interaction,okadome2024generating
okadome2025interaction,yazdian2022gesture2vec
okadome2026backchannel,mao2024mdta2g
okadome2026backchannel,nyatsanga2023review
okadome2026backchannel,okadome2024generating
okadome2026backchannel,zhang2024hda2g
omine2025nonphotorealistic,liu2022beat
omine2025nonphotorealistic,liu2024emage
oralbayeva2023survey,yoon2022genea
paar2026duogesture,ao2023gesturediffuclip
paar2026duogesture,chhatre2024amuse
paar2026duogesture,kucherenko2024genea2022
paar2026duogesture,liu2022beat
paar2026duogesture,liu2024emage
paar2026duogesture,liu2024probtalk
paar2026duogesture,liu2025gesturelsm
paar2026duogesture,liu2025semges
paar2026duogesture,liu2026semconflow
paar2026duogesture,mughal2025rag
paar2026duogesture,xu2024mambatalk
paar2026duogesture,yi2023talkshow
paar2026duogesture,yin2025pyramotion
paar2026duogesture,zhang2024semanticgesticulator
paar2026duogesture,zhang2025semtalk
paar2026duogesture,zhi2023livelyspeaker
pan2026relational,nyatsanga2023review
pan2026relational,pang2024llm
pan2026relational,zhang2024semanticgesticulator
pang2023bodyformer,ao2022rhythmic
pang2023bodyformer,ghorbani2023zeroeggs
pang2023bodyformer,habibie2022motionmatching
pang2023bodyformer,liu2022beat
pang2023bodyformer,liu2022ha2g
pang2023bodyformer,zhu2023diffgesture
pang2024llm,ao2022rhythmic
pang2024llm,gao2024gesgpt
pang2024llm,ghorbani2023zeroeggs
pang2024llm,kucherenko2024genea2022
pang2024llm,liu2022beat
pang2024llm,liu2022ha2g
pang2024llm,mughal2024convofusion
pang2024llm,nyatsanga2023review
pang2024llm,xu2022freemo
pang2024llm,zhang2024semanticgesticulator
peng2025twostage,ghorbani2023zeroeggs
peng2025twostage,zhang2024semanticgesticulator
peng2026dyadit,agrawal2025seamless
peng2026dyadit,alexanderson2023listen
peng2026dyadit,ao2023gesturediffuclip
peng2026dyadit,chen2025meco
peng2026dyadit,chhatre2024amuse
peng2026dyadit,favali2024tag2g
peng2026dyadit,fu2024mambagesture
peng2026dyadit,li2023audio2gestures
peng2026dyadit,liu2022beat
peng2026dyadit,liu2022ha2g
peng2026dyadit,liu2024emage
peng2026dyadit,mughal2024convofusion
peng2026dyadit,ng2024audio2photoreal
peng2026dyadit,pang2023bodyformer
peng2026dyadit,qi2024emotiongesture
peng2026dyadit,yang2023diffusestyleplus
peng2026dyadit,yang2023unifiedgesture
peng2026dyadit,yang2024freetalker
peng2026dyadit,yi2023talkshow
peng2026dyadit,zhi2023livelyspeaker
peng2026dyadit,zhu2023diffgesture
peng2026emopose,jin2026sentiavatar
peng2026emopose,kucherenko2024genea2022
peng2026emopose,liu2022beat
pinyoanuntapong2026interactgesture,chen2024diffsheg
pinyoanuntapong2026interactgesture,chen2024syntalker
pinyoanuntapong2026interactgesture,chen2025meco
pinyoanuntapong2026interactgesture,chhatre2024amuse
pinyoanuntapong2026interactgesture,deichler2023gestclip
pinyoanuntapong2026interactgesture,deichler2024spatial
pinyoanuntapong2026interactgesture,gao2024gesgpt
pinyoanuntapong2026interactgesture,li2025emodiffges
pinyoanuntapong2026interactgesture,liu2022beat
pinyoanuntapong2026interactgesture,liu2022ha2g
pinyoanuntapong2026interactgesture,liu2024emage
pinyoanuntapong2026interactgesture,liu2024tango
pinyoanuntapong2026interactgesture,liu2025contextual
pinyoanuntapong2026interactgesture,liu2025gesturelsm
pinyoanuntapong2026interactgesture,liu2025intentional
pinyoanuntapong2026interactgesture,liu2025semges
pinyoanuntapong2026interactgesture,mughal2026miburi
pinyoanuntapong2026interactgesture,ng2024audio2photoreal
pinyoanuntapong2026interactgesture,peng2026dyadit
pinyoanuntapong2026interactgesture,qi2024emotiongesture
pinyoanuntapong2026interactgesture,rajan2026interactalker
pinyoanuntapong2026interactgesture,saleem2026livegesture
pinyoanuntapong2026interactgesture,wang2025gesturelcm
pinyoanuntapong2026interactgesture,xu2024chain
pinyoanuntapong2026interactgesture,yi2023talkshow
pinyoanuntapong2026interactgesture,zhang2024semanticgesticulator
pinyoanuntapong2026interactgesture,zhang2026personagesture
pinyoanuntapong2026interactgesture,zhao2023diffugesture
pinyoanuntapong2026interactgesture,zhao2026personagest
pugi2024storytelling,kucherenko2023genea2023
pugi2024storytelling,nyatsanga2023review
punjwani2024alloava,yang2023unifiedgesture
punjwani2024large,nyatsanga2023review
punjwani2024large,qi2024emotiongesture
punjwani2024large,windle2023ueab
qi2024cocogesture,ao2023gesturediffuclip
qi2024cocogesture,chen2024diffsheg
qi2024cocogesture,ghorbani2023zeroeggs
qi2024cocogesture,liu2022beat
qi2024cocogesture,liu2022ha2g
qi2024cocogesture,liu2024probtalk
qi2024cocogesture,qi2024emotiongesture
qi2024cocogesture,qi2024emotiontransition
qi2024cocogesture,yi2023talkshow
qi2024cocogesture,zhu2023diffgesture
qi2024emotiongesture,ao2022rhythmic
qi2024emotiongesture,ao2023gesturediffuclip
qi2024emotiongesture,liu2022angie
qi2024emotiongesture,liu2022beat
qi2024emotiongesture,liu2022ha2g
qi2024emotiongesture,yang2023diffusestylegesture
qi2024emotiongesture,yi2023talkshow
qi2024emotiongesture,zhu2023diffgesture
qi2024emotiontransition,ao2022rhythmic
qi2024emotiontransition,ao2023gesturediffuclip
qi2024emotiontransition,ghorbani2023zeroeggs
qi2024emotiontransition,liu2022beat
qi2024emotiontransition,liu2022ha2g
qi2024emotiontransition,qi2024emotiongesture
qi2024emotiontransition,yang2023diffusestylegesture
qi2024emotiontransition,yi2023talkshow
qi2024emotiontransition,zhao2023diffugesture
qi2024emotiontransition,zhi2023livelyspeaker
qi2024emotiontransition,zhu2023diffgesture
qi2025co3gesture,ao2023gesturediffuclip
qi2025co3gesture,chen2024diffsheg
qi2025co3gesture,ghorbani2023zeroeggs
qi2025co3gesture,kucherenko2023genea2023
qi2025co3gesture,liu2022beat
qi2025co3gesture,liu2022ha2g
qi2025co3gesture,liu2024emage
qi2025co3gesture,liu2024probtalk
qi2025co3gesture,mughal2024convofusion
qi2025co3gesture,ng2024audio2photoreal
qi2025co3gesture,qi2024emotiongesture
qi2025co3gesture,qi2024emotiontransition
qi2025co3gesture,qi2025cocogesture
qi2025co3gesture,yang2023diffusestylegesture
qi2025co3gesture,yi2023talkshow
qi2025co3gesture,zhang2024semanticgesticulator
qi2025co3gesture,zhao2023diffugesture
qi2025co3gesture,zhi2023livelyspeaker
qi2025co3gesture,zhu2023diffgesture
qi2025cocogesture,ao2022rhythmic
qi2025cocogesture,liu2022ha2g
qi2025cocogesture,liu2024emage
qi2025cocogesture,liu2024probtalk
qi2025cocogesture,qi2024emotiontransition
qi2025cocogesture,yang2023diffusestylegesture
qi2025cocogesture,yi2023talkshow
qi2025cocogesture,zhu2023diffgesture
qian2024dualpath,liu2022ha2g
qian2024dualpath,liu2023speechgan
qian2024dualpath,voss2023aqgt
qian2024dualpath,yang2023diffusestylegesture
qin2025versaanimator,corona2025vlogger
qin2025versaanimator,lin2025omnihuman
qin2025versaanimator,meng2025echomimicv2
rajan2026interactalker,chen2024syntalker
rajan2026interactalker,chhatre2024amuse
rajan2026interactalker,ghorbani2023zeroeggs
rajan2026interactalker,liu2022beat
rajan2026interactalker,liu2022ha2g
rajan2026interactalker,liu2024emage
rajan2026interactalker,xu2024mambatalk
rajan2026interactalker,yang2023diffusestylegesture
rajan2026interactalker,yang2024freetalker
rajan2026interactalker,yi2023talkshow
rajan2026interactalker,zhu2023diffgesture
robrecht2024integrating,kucherenko2023genea2023
robrecht2024integrating,kucherenko2024genea2022
robrecht2024integrating,liu2022beat
robrecht2024integrating,voss2023aqgt
robrecht2024integrating,voss2023augmented
robrecht2024integrating,yoon2022genea
robrecht2024representational,nyatsanga2023review
robrecht2024representational,voss2023aqgt
robrecht2024representational,voss2023augmented
robrecht2024representational,zhao2023gesture
rosenthal2026signature,ao2023gesturediffuclip
rosenthal2026signature,chen2024diffsheg
rosenthal2026signature,chen2024syntalker
rosenthal2026signature,chen2025languageofmotion
rosenthal2026signature,cheng2024siggesture
rosenthal2026signature,chhatre2024amuse
rosenthal2026signature,ghorbani2023zeroeggs
rosenthal2026signature,kucherenko2024genea2022
rosenthal2026signature,liu2022beat
rosenthal2026signature,liu2022ha2g
rosenthal2026signature,liu2024emage
rosenthal2026signature,liu2025gesturelsm
rosenthal2026signature,mughal2025rag
rosenthal2026signature,qi2024emotiongesture
rosenthal2026signature,xu2024mambatalk
rosenthal2026signature,yang2023diffusestylegesture
rosenthal2026signature,yi2023talkshow
rosenthal2026signature,zhang2024semanticgesticulator
rosenthal2026signature,zhang2025semtalk
rosenthal2026signature,zhi2023livelyspeaker
rosenthal2026signature,zhu2023diffgesture
rosenthal2026signatureb,cheng2024siggesture
rosenthal2026signatureb,chhatre2024amuse
rosenthal2026signatureb,ghorbani2023zeroeggs
rosenthal2026signatureb,kucherenko2024genea2022
rosenthal2026signatureb,liu2022ha2g
rosenthal2026signatureb,liu2024emage
rosenthal2026signatureb,liu2025gesturelsm
rosenthal2026signatureb,mughal2025rag
rosenthal2026signatureb,qi2024emotiongesture
rosenthal2026signatureb,yang2023diffusestylegesture
rosenthal2026signatureb,zhang2024semanticgesticulator
rosenthal2026signatureb,zhang2025semtalk
rosenthal2026signatureb,zhi2023livelyspeaker
rosenthal2026signatureb,zhu2023diffgesture
saleem2026livegesture,chen2024diffsheg
saleem2026livegesture,chen2024syntalker
saleem2026livegesture,deichler2023gestclip
saleem2026livegesture,liu2022beat
saleem2026livegesture,liu2022ha2g
saleem2026livegesture,liu2024tango
saleem2026livegesture,liu2025contextual
saleem2026livegesture,liu2025gesturelsm
saleem2026livegesture,liu2025intentional
saleem2026livegesture,liu2025semges
saleem2026livegesture,mughal2025rag
saleem2026livegesture,xu2024chain
saleem2026livegesture,xu2024mambatalk
saleem2026livegesture,yi2023talkshow
sasaki2024evaluation,hensel2023large
schmuck2023kclsair,ao2022rhythmic
schmuck2023kclsair,kucherenko2023genea2023
sha2026gespolicy,alexanderson2023listen
sha2026gespolicy,chen2024diffsheg
sha2026gespolicy,ng2024audio2photoreal
sha2026gespolicy,qi2024emotiongesture
sha2026gespolicy,xu2024mambatalk
sha2026gespolicy,yang2023diffusestylegesture
sha2026gespolicy,zhang2025semtalk
sha2026gespolicy,zhi2023livelyspeaker
shen2025tedculture,ghorbani2023zeroeggs
shen2025tedculture,liu2022beat
shen2025tedculture,liu2022ha2g
shen2025tedculture,liu2023speechgan
shen2025tedculture,nyatsanga2023review
shen2025tedculture,yoon2022genea
shen2025tedculture,zhi2023livelyspeaker
shen2025tedculture,zhu2023diffgesture
shibasaki2024pidm,okadome2024generating
shirekar2025multiparty,ghorbani2023zeroeggs
shirekar2025multiparty,nyatsanga2023review
shirekar2025multiparty,yoon2022genea
song2025graph,chen2024diffsheg
song2025graph,cheng2024siggesture
song2025graph,corona2025vlogger
song2025graph,he2024mddiffusion
song2025graph,liu2022angie
song2025graph,liu2022ha2g
song2025graph,liu2024emage
song2025graph,liu2024tango
song2025graph,mughal2024convofusion
song2025graph,qi2024emotiongesture
song2025graph,qi2024emotiontransition
song2025graph,yi2023talkshow
song2025graph,zhou2022reenactment
song2025graph,zhu2023diffgesture
sonlu2024personality,ao2022rhythmic
sonlu2024personality,ghorbani2023zeroeggs
sonlu2024personality,habibie2022motionmatching
sonlu2024personality,nyatsanga2023review
sun2023racer,ao2022rhythmic
sun2024beyond,ahuja2023cdiffgan
sun2024beyond,ao2022rhythmic
sun2024beyond,kucherenko2023genea2023
sun2024beyond,liu2022ha2g
sun2024beyond,tuyen2023lisi
sun2024beyond,tuyen2023twonot
sun2024beyond,yi2023talkshow
sun2024beyond,yin2023emog
sun2024beyond,yoon2022genea
sun2024beyond,zhi2023livelyspeaker
sun2024beyond,zhu2023diffgesture
sun2026coshdit,ao2023gesturediffuclip
sun2026coshdit,corona2025vlogger
sun2026coshdit,he2024mddiffusion
sun2026coshdit,lin2024cyberhost
sun2026coshdit,liu2022angie
sun2026coshdit,liu2022ha2g
sun2026coshdit,liu2024emage
sun2026coshdit,liu2024probtalk
sun2026coshdit,nyatsanga2023review
sun2026coshdit,pang2023bodyformer
sun2026coshdit,qi2024emotiongesture
sun2026coshdit,yang2023diffusestylegesture
sun2026coshdit,yazdian2022gesture2vec
sun2026coshdit,yi2023talkshow
sun2026coshdit,yin2023emog
sun2026coshdit,zhu2023diffgesture
sun2026empathetic,ao2023gesturediffuclip
sun2026empathetic,chen2024diffsheg
sun2026empathetic,chhatre2024amuse
sun2026empathetic,yang2023diffusestylegesture
sun2026empathetic,yi2023talkshow
sun2026empathetic,zhu2023diffgesture
suresh2026semantic,ao2023gesturediffuclip
suresh2026semantic,liu2022ha2g
suresh2026semantic,liu2024emage
suresh2026semantic,liu2025semgesture
suresh2026semantic,mughal2025rag
suresh2026semantic,nyatsanga2023review
suresh2026semantic,zhang2024semanticgesticulator
suresh2026semantic,zhi2023livelyspeaker
tang2024trimodal,nyatsanga2023review
teshima2023act2g,ao2022rhythmic
teshima2023act2g,ao2023gesturediffuclip
teshima2023act2g,gao2024gesgpt
teshima2023act2g,liu2022beat
teshima2023act2g,liu2022ha2g
teshima2023act2g,teshima2022typespecific
teshima2023act2g,xu2022freemo
teshima2023act2g,yoon2022genea
tonoli2023diffusion,alexanderson2023listen
tonoli2023diffusion,ao2023gesturediffuclip
tonoli2023diffusion,ghorbani2023zeroeggs
tonoli2023diffusion,kucherenko2023genea2023
tonoli2023diffusion,nyatsanga2023review
tonoli2023diffusion,yang2023diffusestylegesture
tonoli2023diffusion,yoon2022genea
tonoli2023diffusion,zhang2023diffmotion
tonoli2023diffusion,zhu2023diffgesture
tonoli2024gesture,chemburkar2023discrete
tonoli2024gesture,deichler2023gestclip
tonoli2024gesture,harz2023fein
tonoli2024gesture,kim2023features
tonoli2024gesture,kim2023kuispl
tonoli2024gesture,korzun2023finemotion
tonoli2024gesture,kucherenko2023genea2023
tonoli2024gesture,kucherenko2024genea2022
tonoli2024gesture,liu2022beat
tonoli2024gesture,qi2024emotiongesture
tonoli2024gesture,schmuck2023kclsair
tonoli2024gesture,tonoli2023diffusion
tonoli2024gesture,windle2023ueab
tonoli2024gesture,yang2023diffusestyleplus
tonoli2024gesture,yang2023qpgesture
tonoli2024gesture,yoon2022genea
tonoli2024gesture,zhao2023diffugesture
tonoli2024gesture,zhao2023gesture
tonoli2024gesture,zhi2023livelyspeaker
tonoli2024gesture,zhu2023diffgesture
tran2026wavesync,nyatsanga2023review
tran2026wavesync,qi2025cocogesture
tran2026wavesync,zhang2024semanticgesticulator
tuyen2023twonot,tuyen2023lisi
unnikrishnan2024comparative,ao2022rhythmic
unnikrishnan2024comparative,yoon2022genea
voss2023aqgt,ao2022rhythmic
voss2023aqgt,ghorbani2023zeroeggs
voss2023aqgt,liu2022beat
voss2023aqgt,liu2022ha2g
voss2023aqgt,nyatsanga2023review
voss2023aqgt,voss2023augmented
voss2023aqgt,yoon2022genea
voss2023aqgt,zhuang2022textspeech
voss2023augmented,ao2022rhythmic
voss2023augmented,ghorbani2023zeroeggs
voss2023augmented,habibie2022motionmatching
voss2023augmented,liu2022ha2g
voss2023augmented,nyatsanga2023review
voss2023augmented,voss2023aqgt
voss2025conveying,ghorbani2023zeroeggs
voss2025conveying,habibie2022motionmatching
voss2025conveying,nyatsanga2023review
voss2025conveying,voss2023aqgt
voss2025conveying,voss2023augmented
voss2026imaggen,ghorbani2023zeroeggs
voss2026imaggen,kucherenko2024genea2022
voss2026imaggen,liu2022beat
voss2026imaggen,liu2024emage
voss2026imaggen,mehta2023difftts
voss2026imaggen,mehta2024matchttsg
voss2026imaggen,mughal2024convofusion
voss2026imaggen,mughal2025rag
voss2026imaggen,ng2024audio2photoreal
voss2026imaggen,nyatsanga2023review
voss2026imaggen,robrecht2024representational
voss2026imaggen,shen2025tedculture
voss2026imaggen,voss2023aqgt
voss2026imaggen,yazdian2022gesture2vec
voss2026imaggen,zhu2023diffgesture
wake2023gpt,wake2022concept
wang2023torso,liu2022ha2g
wang2024cmq,ao2022rhythmic
wang2024cmq,ao2023gesturediffuclip
wang2024cmq,liu2022beat
wang2024cmq,liu2022ha2g
wang2024cmq,xu2022freemo
wang2024cmq,zhu2023diffgesture
wang2024optimized,alexanderson2023listen
wang2024optimized,ao2022rhythmic
wang2024optimized,kucherenko2023genea2023
wang2024optimized,liu2022beat
wang2024optimized,liu2022ha2g
wang2024optimized,nyatsanga2023review
wang2024optimized,yang2023diffusestylegesture
wang2024optimized,yoon2022genea
wang2024optimized,zhu2023diffgesture
wang2025gesturelcm,kim2023mpe4g
wang2025gesturelcm,liu2022beat
wang2025gesturelcm,liu2024emage
wang2025gesturelcm,nyatsanga2023review
wang2025gesturelcm,xu2024chain
wang2025gesturelcm,yang2023diffusestylegesture
wang2025gesturelcm,yang2023diffusestyleplus
wang2025gesturelcm,yang2024freetalker
wang2025gesturelcm,yoon2022genea
wang2025hierarchical,ahuja2023cdiffgan
wang2025hierarchical,ao2022rhythmic
wang2025hierarchical,ao2023gesturediffuclip
wang2025hierarchical,chen2024diffsheg
wang2025hierarchical,cheng2025hop
wang2025hierarchical,chhatre2024amuse
wang2025hierarchical,hogue2025joint
wang2025hierarchical,kim2024body
wang2025hierarchical,li2023audio2gestures
wang2025hierarchical,li2024learning
wang2025hierarchical,liu2022beat
wang2025hierarchical,liu2022ha2g
wang2025hierarchical,liu2023speechgan
wang2025hierarchical,liu2024emage
wang2025hierarchical,liu2024probtalk
wang2025hierarchical,mughal2024convofusion
wang2025hierarchical,nyatsanga2023review
wang2025hierarchical,qi2024emotiongesture
wang2025hierarchical,qi2024emotiontransition
wang2025hierarchical,qi2025cocogesture
wang2025hierarchical,xue2024codiffusegesture
wang2025hierarchical,yang2023diffusestyleplus
wang2025hierarchical,zhang2024semanticgesticulator
wang2025hierarchical,zhi2023livelyspeaker
wang2025hierarchical,zhu2023diffgesture
wang2025mmgt,chen2024diffsheg
wang2025mmgt,chhatre2024amuse
wang2025mmgt,corona2025vlogger
wang2025mmgt,he2024mddiffusion
wang2025mmgt,hogue2024diffted
wang2025mmgt,lin2024cyberhost
wang2025mmgt,liu2022angie
wang2025mmgt,liu2022ha2g
wang2025mmgt,liu2024emage
wang2025mmgt,liu2024tango
wang2025mmgt,meng2025echomimicv2
wang2025mmgt,yang2023diffusestylegesture
wang2025mmgt,zhou2022reenactment
wang2025mmgt,zhu2023diffgesture
wang2025mmofusion,ao2022rhythmic
wang2025mmofusion,ao2023gesturediffuclip
wang2025mmofusion,fu2024mambagesture
wang2025mmofusion,habibie2022motionmatching
wang2025mmofusion,li2023audio2gestures
wang2025mmofusion,liu2022ha2g
wang2025mmofusion,mao2024mdta2g
wang2025mmofusion,yang2023diffusestylegesture
wang2025mmofusion,yang2023qpgesture
wang2025mmofusion,yi2023talkshow
wang2025mmofusion,yin2023emog
wang2025mmofusion,zhi2023livelyspeaker
wang2025mmofusion,zhu2023diffgesture
wang2025script2screen,ao2022rhythmic
wang2025script2screen,ghorbani2023zeroeggs
wang2025ssgesture,alexanderson2023listen
wang2025ssgesture,ao2022rhythmic
wang2025ssgesture,ao2023gesturediffuclip
wang2025ssgesture,chen2024diffsheg
wang2025ssgesture,li2024gda
wang2025ssgesture,liu2022beat
wang2025ssgesture,liu2022ha2g
wang2025ssgesture,yang2023diffusestyleplus
wang2025ssgesture,zhi2023livelyspeaker
wang2025ssgesture,zhu2023diffgesture
wang2025wbdh,meng2025echomimicv2
wang2026conversational,alexanderson2023listen
wang2026conversational,ao2022rhythmic
wang2026conversational,ao2023gesturediffuclip
wang2026conversational,kucherenko2023genea2023
wang2026conversational,liu2022beat
wang2026conversational,liu2022ha2g
wang2026conversational,nyatsanga2023review
wang2026conversational,yang2023diffusestylegesture
wang2026conversational,yang2023qpgesture
wang2026conversational,yi2023talkshow
wang2026conversational,yoon2022genea
wang2026conversational,zhu2023diffgesture
wang2026ctrlcomo,ahuja2023cdiffgan
wang2026ctrlcomo,ao2022rhythmic
wang2026ctrlcomo,ao2023gesturediffuclip
wang2026ctrlcomo,chen2024diffsheg
wang2026ctrlcomo,cheng2024siggesture
wang2026ctrlcomo,cheng2025didiffges
wang2026ctrlcomo,fu2024mambagesture
wang2026ctrlcomo,liu2022beat
wang2026ctrlcomo,liu2022ha2g
wang2026ctrlcomo,liu2024emage
wang2026ctrlcomo,liu2024probtalk
wang2026ctrlcomo,liu2025gesturelsm
wang2026ctrlcomo,liu2025semges
wang2026ctrlcomo,liu2025semgesture
wang2026ctrlcomo,mao2024mdta2g
wang2026ctrlcomo,mughal2024convofusion
wang2026ctrlcomo,mughal2025rag
wang2026ctrlcomo,sun2023racer
wang2026ctrlcomo,xiao2024eggesture
wang2026ctrlcomo,xu2025combo
wang2026ctrlcomo,yang2023diffusestylegesture
wang2026ctrlcomo,yang2023qpgesture
wang2026ctrlcomo,yang2025gesturehydra
wang2026ctrlcomo,yi2023talkshow
wang2026ctrlcomo,zhang2025echomask
wang2026ctrlcomo,zhang2025semtalk
wang2026ctrlcomo,zhi2023livelyspeaker
wang2026ctrlcomo,zhu2023diffgesture
wang2026holodiff,ao2023gesturediffuclip
wang2026holodiff,chen2024diffsheg
wang2026holodiff,liu2022beat
wang2026holodiff,liu2022ha2g
wang2026holodiff,liu2024emage
wang2026holodiff,liu2024probtalk
wang2026holodiff,ng2024audio2photoreal
wang2026holodiff,qi2024emotiongesture
wang2026holodiff,yang2023diffusestylegesture
wang2026holodiff,yi2023talkshow
wang2026holodiff,zhu2023diffgesture
wei2026mamba,chen2025meco
wei2026mamba,corona2025vlogger
wei2026mamba,he2024mddiffusion
wei2026mamba,hogue2024diffted
wei2026mamba,liu2022angie
wei2026mamba,liu2024tango
wei2026mamba,zhu2023diffgesture
wei2026pedagogical,liu2022angie
wei2026pedagogical,nyatsanga2023review
wei2026pedagogical,yang2023diffusestylegesture
wei2026pedagogical,yi2023talkshow
wei2026pedagogical,yoon2022genea
wei2026pedagogical,zhang2024semanticgesticulator
werner2024gesture,deichler2023gestclip
werner2024gesture,kucherenko2023genea2023
werner2024gesture,windle2023ueab
werner2024gesture,wolfert2024evaluation
werner2024gesture,yang2023diffusestyleplus
windle2023ueab,kucherenko2023genea2023
windle2024llanimation,alexanderson2023listen
windle2024llanimation,ao2022rhythmic
windle2024llanimation,deichler2023gestclip
windle2024llanimation,habibie2022motionmatching
windle2024llanimation,hensel2023large
windle2024llanimation,kucherenko2023genea2023
windle2024llanimation,nyatsanga2023review
windle2024llanimation,windle2023ueab
windle2024llanimation,zhang2023diffmotion
wolfert2023listening,he2022realtime
wolfert2023listening,nyatsanga2023review
wolfert2023listening,yoon2022genea
wolfert2024evaluation,alexanderson2023listen
wolfert2024evaluation,ao2023gesturediffuclip
wolfert2024evaluation,he2022realtime
wolfert2024evaluation,kucherenko2023genea2023
wolfert2024evaluation,mehta2023difftts
wolfert2024evaluation,nyatsanga2023review
wolfert2024evaluation,wolfert2023listening
wolfert2024evaluation,yoon2022genea
wu2023csgn,liu2022beat
wu2023csgn,liu2022ha2g
wu2024diffusion,ao2023gesturediffuclip
wu2024diffusion,kim2023kuispl
wu2024diffusion,liu2022beat
wu2024diffusion,liu2022ha2g
wu2024diffusion,nyatsanga2023review
wu2024diffusion,voss2023aqgt
wu2024diffusion,yang2023diffusestylegesture
wu2024diffusion,zhu2023diffgesture
wu2026flowmatching,alexanderson2023listen
wu2026flowmatching,ao2023gesturediffuclip
wu2026flowmatching,chen2025languageofmotion
wu2026flowmatching,liu2022beat
wu2026flowmatching,liu2024emage
wu2026flowmatching,liu2025gesturelsm
wu2026flowmatching,mehta2024matchttsg
wu2026flowmatching,wu2023extrovert
wu2026flowmatching,wu2024diffusion
wu2026flowmatching,zhang2024semanticgesticulator
wu2026flowmatching,zhu2023diffgesture
xiao2024eggesture,ao2022rhythmic
xiao2024eggesture,liu2022beat
xiao2024eggesture,liu2022ha2g
xiao2024eggesture,liu2024emage
xiao2024eggesture,yang2023qpgesture
xiao2024eggesture,yi2023talkshow
xiao2024eggesture,zhu2023diffgesture
xing2026semantics,fang2025coordspeaker
xing2026semantics,li2026globaldiff
xing2026semantics,liu2022ha2g
xing2026semantics,liu2024emage
xing2026semantics,liu2025gesturelsm
xing2026semantics,liu2025semges
xing2026semantics,mughal2026miburi
xing2026semantics,nyatsanga2023review
xing2026semantics,qi2025cocogesture
xing2026semantics,saleem2026livegesture
xing2026semantics,yi2023talkshow
xing2026semantics,zhang2024semanticgesticulator
xing2026semantics,zhi2023livelyspeaker
xing2026semantics,zhu2023diffgesture
xu2023icgn,liu2022ha2g
xu2024chain,ao2023gesturediffuclip
xu2024chain,liu2022angie
xu2024chain,liu2022beat
xu2024chain,nyatsanga2023review
xu2024chain,yang2022reprgesture
xu2024chain,yang2023diffusestylegesture
xu2024chain,yang2023diffusestyleplus
xu2024chain,yang2023qpgesture
xu2024chain,yang2023unifiedgesture
xu2024chain,yazdian2022gesture2vec
xu2024chain,yi2023talkshow
xu2024gestran,liu2022ha2g
xu2024gestran,pang2023bodyformer
xu2024gestran,xu2023icgn
xu2024gestran,yang2023qpgesture
xu2024gestran,zhi2023livelyspeaker
xu2024gestran,zhu2023diffgesture
xuan2026adaptivediffusemotion,chen2024diffsheg
xuan2026adaptivediffusemotion,liu2022beat
xuan2026adaptivediffusemotion,liu2024emage
xuan2026adaptivediffusemotion,sun2024beyond
xuan2026adaptivediffusemotion,yang2023diffusestylegesture
xuan2026adaptivediffusemotion,yi2023talkshow
xue2024codiffusegesture,kucherenko2023genea2023
xue2024codiffusegesture,qi2024emotiongesture
xue2024codiffusegesture,yang2023diffusestylegesture
xue2024codiffusegesture,yang2023diffusestyleplus
xue2024codiffusegesture,yang2023qpgesture
xue2024codiffusegesture,yoon2022genea
xue2025identity,chhatre2024amuse
xue2025identity,lu2023discrete
xue2025identity,ng2024audio2photoreal
xue2025identity,nyatsanga2023review
xue2025identity,qi2024emotiongesture
xue2025identity,sun2024beyond
xue2025identity,voss2023augmented
xue2025identity,yang2023diffusestylegesture
xue2025identity,yi2023talkshow
yang2022reprgesture,liu2022beat
yang2022reprgesture,liu2022ha2g
yang2022reprgesture,xu2022freemo
yang2022reprgesture,yoon2022genea
yang2023diffusestylegesture,alexanderson2023listen
yang2023diffusestylegesture,ghorbani2023zeroeggs
yang2023diffusestylegesture,habibie2022motionmatching
yang2023diffusestylegesture,liu2022ha2g
yang2023diffusestylegesture,nyatsanga2023review
yang2023diffusestylegesture,yang2022reprgesture
yang2023diffusestylegesture,yi2023talkshow
yang2023diffusestylegesture,yoon2022genea
yang2023diffusestyleplus,ghorbani2023zeroeggs
yang2023diffusestyleplus,kucherenko2023genea2023
yang2023diffusestyleplus,kucherenko2024genea2022
yang2023diffusestyleplus,liu2022beat
yang2023diffusestyleplus,liu2022ha2g
yang2023diffusestyleplus,nyatsanga2023review
yang2023diffusestyleplus,qi2024emotiongesture
yang2023diffusestyleplus,yang2022reprgesture
yang2023diffusestyleplus,yang2023diffusestylegesture
yang2023diffusestyleplus,yang2023qpgesture
yang2023diffusestyleplus,yin2023emog
yang2023diffusestyleplus,yoon2022genea
yang2023qpgesture,alexanderson2023listen
yang2023qpgesture,ao2022rhythmic
yang2023qpgesture,habibie2022motionmatching
yang2023qpgesture,liu2022beat
yang2023qpgesture,liu2022ha2g
yang2023qpgesture,nyatsanga2023review
yang2023qpgesture,xu2022freemo
yang2023qpgesture,yang2022reprgesture
yang2023qpgesture,yazdian2022gesture2vec
yang2023qpgesture,yoon2022genea
yang2023qpgesture,zhou2022reenactment
yang2023unifiedgesture,alexanderson2023listen
yang2023unifiedgesture,ao2022rhythmic
yang2023unifiedgesture,ao2023gesturediffuclip
yang2023unifiedgesture,ghorbani2023zeroeggs
yang2023unifiedgesture,habibie2022motionmatching
yang2023unifiedgesture,kucherenko2023genea2023
yang2023unifiedgesture,kucherenko2024genea2022
yang2023unifiedgesture,liu2022beat
yang2023unifiedgesture,liu2022ha2g
yang2023unifiedgesture,nyatsanga2023review
yang2023unifiedgesture,sun2023racer
yang2023unifiedgesture,yang2022reprgesture
yang2023unifiedgesture,yang2023diffusestylegesture
yang2023unifiedgesture,yang2023qpgesture
yang2023unifiedgesture,yoon2022genea
yang2023unifiedgesture,zhang2023diffmotion
yang2023unifiedgesture,zhu2023diffgesture
yang2024freetalker,alexanderson2023listen
yang2024freetalker,ao2023gesturediffuclip
yang2024freetalker,ghorbani2023zeroeggs
yang2024freetalker,kucherenko2023genea2023
yang2024freetalker,liu2022beat
yang2024freetalker,nyatsanga2023review
yang2024freetalker,xu2024chain
yang2024freetalker,yang2023diffusestylegesture
yang2024freetalker,yang2023diffusestyleplus
yang2024freetalker,yang2023unifiedgesture
yang2024mdg,chen2024diffsheg
yang2024mdg,liu2022beat
yang2024mdg,liu2022ha2g
yang2024mdg,nyatsanga2023review
yang2024mdg,yang2022reprgesture
yang2024mdg,yang2023diffusestylegesture
yang2024mdg,yang2023diffusestyleplus
yang2024mdg,yoon2022genea
yang2024mdg,zhu2023diffgesture
yang2024selfsupervised,corona2025vlogger
yang2024selfsupervised,he2024mddiffusion
yang2025democratizing,corona2025vlogger
yang2025democratizing,he2024mddiffusion
yang2025democratizing,hogue2024diffted
yang2025democratizing,lin2024cyberhost
yang2025democratizing,liu2022angie
yang2025democratizing,liu2024probtalk
yang2025democratizing,meng2025echomimicv2
yang2025gesturehydra,ao2022rhythmic
yang2025gesturehydra,chen2024diffsheg
yang2025gesturehydra,cheng2024siggesture
yang2025gesturehydra,guan2025audcast
yang2025gesturehydra,liu2022beat
yang2025gesturehydra,liu2022ha2g
yang2025gesturehydra,liu2024emage
yang2025gesturehydra,liu2024probtalk
yang2025gesturehydra,mao2024mdta2g
yang2025gesturehydra,sun2023racer
yang2025gesturehydra,xu2024mambatalk
yang2025gesturehydra,yang2023diffusestylegesture
yang2025gesturehydra,yi2023talkshow
yang2025gesturehydra,zhang2024semanticgesticulator
yang2025gesturehydra,zhu2023diffgesture
yang2026socialhumanoid,alexanderson2023listen
yang2026socialhumanoid,ao2023gesturediffuclip
yang2026socialhumanoid,chen2024diffsheg
yang2026socialhumanoid,chen2024syntalker
yang2026socialhumanoid,chhatre2024amuse
yang2026socialhumanoid,fang2025coordspeaker
yang2026socialhumanoid,ghorbani2023zeroeggs
yang2026socialhumanoid,jin2026sentiavatar
yang2026socialhumanoid,li2026globaldiff
yang2026socialhumanoid,liang2026physdrift
yang2026socialhumanoid,liu2022beat
yang2026socialhumanoid,liu2022ha2g
yang2026socialhumanoid,liu2024emage
yang2026socialhumanoid,liu2024probtalk
yang2026socialhumanoid,liu2025gesturelsm
yang2026socialhumanoid,liu2025semges
yang2026socialhumanoid,liu2026semconflow
yang2026socialhumanoid,lu2023discrete
yang2026socialhumanoid,mclean2025embody
yang2026socialhumanoid,mughal2025rag
yang2026socialhumanoid,mughal2026miburi
yang2026socialhumanoid,saleem2026livegesture
yang2026socialhumanoid,shen2025tedculture
yang2026socialhumanoid,wang2025mmgt
yang2026socialhumanoid,wang2026robogesture
yang2026socialhumanoid,wu2026flowmatching
yang2026socialhumanoid,xu2024mambatalk
yang2026socialhumanoid,yang2023qpgesture
yang2026socialhumanoid,yang2025gesturehydra
yang2026socialhumanoid,yi2023talkshow
yang2026socialhumanoid,zhang2025semtalk
yang2026socialhumanoid,zhang2026personagesture
yang2026socialhumanoid,zhou2026exges
yang2026socialhumanoid,zhu2023diffgesture
yao2024audio2diffugesture,alexanderson2023listen
yao2024audio2diffugesture,ao2022rhythmic
yao2024audio2diffugesture,ao2023gesturediffuclip
yao2024audio2diffugesture,kucherenko2024genea2022
yao2024audio2diffugesture,liu2022beat
yao2024audio2diffugesture,liu2022ha2g
yao2024audio2diffugesture,nyatsanga2023review
yao2024audio2diffugesture,yang2023diffusestylegesture
yao2024audio2diffugesture,yi2023talkshow
yao2024audio2diffugesture,zhu2023diffgesture
ye2024mmidm,ao2023gesturediffuclip
ye2024mmidm,liu2022beat
ye2024mmidm,liu2022ha2g
ye2024mmidm,nyatsanga2023review
ye2024mmidm,yang2022reprgesture
ye2024mmidm,yang2023diffusestyleplus
ye2024mmidm,yang2023qpgesture
ye2024mmidm,yin2023emog
ye2024mmidm,zhu2023diffgesture
yi2023talkshow,liu2022ha2g
yi2023talkshow,xu2022freemo
yi2023talkshow,yazdian2022gesture2vec
yin2023emog,ao2023gesturediffuclip
yin2023emog,ghorbani2023zeroeggs
yin2023emog,liu2022angie
yin2023emog,liu2022beat
yin2023emog,liu2022ha2g
yin2023emog,yazdian2022gesture2vec
yin2023emog,yi2023talkshow
yin2023emog,zhu2023diffgesture
yin2025m3g,ao2023gesturediffuclip
yin2025m3g,liu2022beat
yin2025m3g,liu2022ha2g
yin2025m3g,yang2023diffusestylegesture
yin2025m3g,yi2023talkshow
yin2025m3g,zhou2022reenactment
yong2025korean,kucherenko2023genea2023
yong2025korean,yoon2022genea
yoon2022genea,windle2023ueab
yoon2022genea,yang2022reprgesture
yoon2022genea,yazdian2022gesture2vec
yoon2023geneaworkshop,kucherenko2023genea2023
yoon2024genea,abel2024stargate
yoon2024genea,gomezsanchez2024benchmarking
yoon2024genea,kucherenko2024genea2022
yoon2024genea,tonoli2024gesture
yoon2024genea,yoon2023geneaworkshop
yu2025vrtalk,bhattacharya2024speech2unifiedexpressions
yu2025vrtalk,fares2023zeroshotb
yu2025vrtalk,liu2022beat
yu2025vrtalk,nyatsanga2023review
zabala2025pepper,wan2024building
zabala2025pepper,zhang2024semanticgesticulator
zhan2026umo,ao2023gesturediffuclip
zhan2026umo,chen2024diffsheg
zhan2026umo,chen2024syntalker
zhan2026umo,chen2025languageofmotion
zhan2026umo,liu2022angie
zhan2026umo,liu2022beat
zhan2026umo,liu2022ha2g
zhan2026umo,liu2024emage
zhan2026umo,liu2025gesturelsm
zhan2026umo,mughal2025rag
zhan2026umo,mughal2026miburi
zhan2026umo,yi2023talkshow
zhan2026umo,zhang2024semanticgesticulator
zhang2023diffmotion,yoon2022genea
zhang2023diffmotionv2,alexanderson2023listen
zhang2023diffmotionv2,ao2023gesturediffuclip
zhang2023diffmotionv2,ghorbani2023zeroeggs
zhang2023diffmotionv2,kucherenko2024genea2022
zhang2023diffmotionv2,liu2022beat
zhang2023diffmotionv2,nyatsanga2023review
zhang2023diffmotionv2,zhang2023diffmotion
zhang2024dimgesture,alexanderson2023listen
zhang2024dimgesture,ao2023gesturediffuclip
zhang2024dimgesture,ghorbani2023zeroeggs
zhang2024dimgesture,kucherenko2024genea2022
zhang2024dimgesture,li2023audio2gestures
zhang2024dimgesture,liu2022beat
zhang2024dimgesture,yang2023diffusestylegesture
zhang2024dimgesture,yang2023diffusestyleplus
zhang2024dimgesture,yang2023unifiedgesture
zhang2024dimgesture,zhang2023diffmotion
zhang2024dimgesture,zhang2024personagestor
zhang2024ditgesture,alexanderson2023listen
zhang2024ditgesture,ao2023gesturediffuclip
zhang2024ditgesture,ghorbani2023zeroeggs
zhang2024ditgesture,kucherenko2024genea2022
zhang2024ditgesture,liu2022beat
zhang2024ditgesture,yang2023diffusestylegesture
zhang2024ditgesture,yang2023diffusestyleplus
zhang2024ditgesture,zhang2023diffmotion
zhang2024dr2,ao2022rhythmic
zhang2024dr2,ao2023gesturediffuclip
zhang2024dr2,ghorbani2023zeroeggs
zhang2024dr2,habibie2022motionmatching
zhang2024dr2,liu2022angie
zhang2024dr2,liu2022beat
zhang2024dr2,xu2022freemo
zhang2024dr2,yang2023diffusestylegesture
zhang2024dr2,yang2023qpgesture
zhang2024dr2,yi2023talkshow
zhang2024dr2,zhu2023diffgesture
zhang2024hda2g,ao2022rhythmic
zhang2024hda2g,ao2023gesturediffuclip
zhang2024hda2g,liu2022beat
zhang2024hda2g,liu2022ha2g
zhang2024hda2g,lu2023discrete
zhang2024hda2g,yang2023diffusestylegesture
zhang2024hda2g,yang2023qpgesture
zhang2024hda2g,yi2023talkshow
zhang2024hda2g,zhu2023diffgesture
zhang2024personagestor,alexanderson2023listen
zhang2024personagestor,ao2023gesturediffuclip
zhang2024personagestor,ghorbani2023zeroeggs
zhang2024personagestor,kucherenko2024genea2022
zhang2024personagestor,li2023audio2gestures
zhang2024personagestor,liu2022beat
zhang2024personagestor,yang2022reprgesture
zhang2024personagestor,yang2023diffusestylegesture
zhang2024personagestor,yang2023diffusestyleplus
zhang2024personagestor,yang2023qpgesture
zhang2024personagestor,zhang2023diffmotion
zhang2024semanticgesticulator,alexanderson2023listen
zhang2024semanticgesticulator,ao2022rhythmic
zhang2024semanticgesticulator,ao2023gesturediffuclip
zhang2024semanticgesticulator,deichler2023gestclip
zhang2024semanticgesticulator,ghorbani2023zeroeggs
zhang2024semanticgesticulator,habibie2022motionmatching
zhang2024semanticgesticulator,kucherenko2024genea2022
zhang2024semanticgesticulator,liu2022ha2g
zhang2024semanticgesticulator,nyatsanga2023review
zhang2024semanticgesticulator,pang2023bodyformer
zhang2024semanticgesticulator,yang2023diffusestylegesture
zhang2024semanticgesticulator,yang2023qpgesture
zhang2024semanticgesticulator,yang2024freetalker
zhang2024semanticgesticulator,yazdian2022gesture2vec
zhang2024semanticgesticulator,yoon2022genea
zhang2024semanticgesticulator,zhang2023diffmotion
zhang2024semanticgesticulator,zhi2023livelyspeaker
zhang2024semanticgesticulator,zhu2023diffgesture
zhang2025cospeech,ghorbani2023zeroeggs
zhang2025cospeech,he2024mddiffusion
zhang2025cospeech,liu2022angie
zhang2025cospeech,liu2022ha2g
zhang2025cospeech,liu2024emage
zhang2025cospeech,liu2024probtalk
zhang2025cospeech,yang2023diffusestylegesture
zhang2025cospeech,yi2023talkshow
zhang2025cospeech,zhang2024hda2g
zhang2025cospeech,zhou2022reenactment
zhang2025cospeech,zhu2023diffgesture
zhang2025echomask,alexanderson2023listen
zhang2025echomask,ao2022rhythmic
zhang2025echomask,ao2023gesturediffuclip
zhang2025echomask,chen2024diffsheg
zhang2025echomask,chen2024syntalker
zhang2025echomask,chhatre2024amuse
zhang2025echomask,he2024mddiffusion
zhang2025echomask,liu2022angie
zhang2025echomask,liu2022beat
zhang2025echomask,liu2022ha2g
zhang2025echomask,liu2024emage
zhang2025echomask,liu2024probtalk
zhang2025echomask,liu2024tango
zhang2025echomask,xiao2024eggesture
zhang2025echomask,yang2023diffusestylegesture
zhang2025echomask,yi2023talkshow
zhang2025echomask,zhang2025semtalk
zhang2025echomask,zhu2023diffgesture
zhang2025fasttalker,liu2022beat
zhang2025fasttalker,liu2022ha2g
zhang2025fasttalker,liu2024tango
zhang2025fasttalker,pang2023bodyformer
zhang2025fasttalker,yang2023diffusestylegesture
zhang2025fasttalker,yi2023talkshow
zhang2025semantic,ghorbani2023zeroeggs
zhang2025semtalk,alexanderson2023listen
zhang2025semtalk,ao2023gesturediffuclip
zhang2025semtalk,chen2024diffsheg
zhang2025semtalk,chen2024syntalker
zhang2025semtalk,chhatre2024amuse
zhang2025semtalk,liu2022beat
zhang2025semtalk,liu2022ha2g
zhang2025semtalk,liu2024emage
zhang2025semtalk,liu2024probtalk
zhang2025semtalk,ng2024audio2photoreal
zhang2025semtalk,xu2024chain
zhang2025semtalk,yang2023diffusestylegesture
zhang2025semtalk,yang2023unifiedgesture
zhang2025semtalk,yi2023talkshow
zhang2025semtalk,zhi2023livelyspeaker
zhang2025semtalk,zhu2023diffgesture
zhang2025socialagent,alexanderson2023listen
zhang2025socialagent,ao2022rhythmic
zhang2025socialagent,ao2023gesturediffuclip
zhang2025socialagent,chen2024diffsheg
zhang2025socialagent,cheng2024siggesture
zhang2025socialagent,ghanadtorshizi2025gesture
zhang2025socialagent,ghorbani2023zeroeggs
zhang2025socialagent,huang2024interact
zhang2025socialagent,kim2024body
zhang2025socialagent,kucherenko2023genea2023
zhang2025socialagent,kucherenko2024genea2022
zhang2025socialagent,liu2022beat
zhang2025socialagent,liu2024tango
zhang2025socialagent,ng2024audio2photoreal
zhang2025socialagent,nyatsanga2023review
zhang2025socialagent,pang2023bodyformer
zhang2025socialagent,qi2024emotiongesture
zhang2025socialagent,qi2025co3gesture
zhang2025socialagent,shi2024reactive
zhang2025socialagent,sun2024beyond
zhang2025socialagent,yang2023diffusestylegesture
zhang2025socialagent,yang2024freetalker
zhang2025socialagent,zhang2023diffmotion
zhang2025socialagent,zhang2024semanticgesticulator
zhang2025socialagent,zhao2023diffugesture
zhang2025xdgesture,alexanderson2023listen
zhang2025xdgesture,ao2022rhythmic
zhang2025xdgesture,ao2023gesturediffuclip
zhang2025xdgesture,chen2024diffsheg
zhang2025xdgesture,liu2022beat
zhang2025xdgesture,liu2022ha2g
zhang2025xdgesture,qi2024emotiongesture
zhang2025xdgesture,yang2023diffusestylegesture
zhang2025xdgesture,yang2023diffusestyleplus
zhang2025xdgesture,zhu2023diffgesture
zhang2026asynfusion,alexanderson2023listen
zhang2026asynfusion,ao2022rhythmic
zhang2026asynfusion,chen2024diffsheg
zhang2026asynfusion,chhatre2024amuse
zhang2026asynfusion,liu2022beat
zhang2026asynfusion,liu2022ha2g
zhang2026asynfusion,liu2024emage
zhang2026asynfusion,liu2024probtalk
zhang2026asynfusion,qi2024emotiongesture
zhang2026asynfusion,yang2023diffusestylegesture
zhang2026asynfusion,yi2023talkshow
zhang2026asynfusion,zhu2023diffgesture
zhang2026granumamba,guo2025hip
zhang2026granumamba,sun2024beyond
zhang2026granumamba,zhang2025cospeech
zhang2026personagesture,ahuja2023cdiffgan
zhang2026personagesture,alexanderson2023listen
zhang2026personagesture,ao2023gesturediffuclip
zhang2026personagesture,chen2024diffsheg
zhang2026personagesture,chen2024syntalker
zhang2026personagesture,chen2025meco
zhang2026personagesture,cheng2025holegest
zhang2026personagesture,cheng2025hop
zhang2026personagesture,chhatre2024amuse
zhang2026personagesture,ghorbani2023zeroeggs
zhang2026personagesture,he2024mddiffusion
zhang2026personagesture,li2026globaldiff
zhang2026personagesture,liu2022beat
zhang2026personagesture,liu2022ha2g
zhang2026personagesture,liu2024emage
zhang2026personagesture,liu2024probtalk
zhang2026personagesture,liu2025gesturelsm
zhang2026personagesture,mughal2025rag
zhang2026personagesture,ng2024audio2photoreal
zhang2026personagesture,qi2024emotiongesture
zhang2026personagesture,xu2024mambatalk
zhang2026personagesture,yang2023diffusestylegesture
zhang2026personagesture,yi2023talkshow
zhang2026personagesture,yoon2022genea
zhang2026personagesture,zhang2024personagestor
zhang2026personagesture,zhang2024semanticgesticulator
zhang2026personagesture,zhang2025echomask
zhang2026personagesture,zhang2025semtalk
zhang2026personagesture,zhi2023livelyspeaker
zhang2026personagesture,zhu2023diffgesture
zhang2026streamtalk,alexanderson2023listen
zhang2026streamtalk,ao2023gesturediffuclip
zhang2026streamtalk,chen2024diffsheg
zhang2026streamtalk,cheng2025hologest
zhang2026streamtalk,chhatre2024amuse
zhang2026streamtalk,li2026globaldiff
zhang2026streamtalk,liu2022beat
zhang2026streamtalk,liu2024emage
zhang2026streamtalk,liu2024probtalk
zhang2026streamtalk,liu2025gesturelsm
zhang2026streamtalk,liu2025semges
zhang2026streamtalk,mughal2025rag
zhang2026streamtalk,ng2024audio2photoreal
zhang2026streamtalk,yang2023diffusestylegesture
zhang2026streamtalk,yi2023talkshow
zhang2026streamtalk,yin2025pyramotion
zhang2026streamtalk,zhang2025echomask
zhang2026streamtalk,zhang2025semtalk
zhang2026streamtalk,zhi2023livelyspeaker
zhang2026style,alexanderson2023listen
zhang2026style,ao2023gesturediffuclip
zhang2026style,chen2024diffsheg
zhang2026style,chen2025meco
zhang2026style,chhatre2024amuse
zhang2026style,liu2024emage
zhang2026style,liu2024probtalk
zhang2026style,liu2025gesturelsm
zhang2026style,yang2023qpgesture
zhang2026style,yi2023talkshow
zhang2026style,zhang2025echomask
zhang2026style,zhang2025semtalk
zhang2026style,zhu2023diffgesture
zhang2026vibes,agrawal2025seamless
zhang2026vibes,chen2024syntalker
zhang2026vibes,chen2025languageofmotion
zhang2026vibes,ghorbani2023zeroeggs
zhang2026vibes,lin2025omnihuman
zhang2026vibes,liu2022beat
zhang2026vibes,liu2022ha2g
zhang2026vibes,liu2024emage
zhang2026vibes,mclean2025embody
zhang2026vibes,mughal2024convofusion
zhang2026vibes,ng2024audio2photoreal
zhang2026vibes,qi2025co3gesture
zhang2026vibes,yang2023diffusestylegesture
zhang2026vibes,yi2023talkshow
zhang2026vibes,zhang2025socialagent
zhao2023diffugesture,alexanderson2023listen
zhao2023diffugesture,ao2022rhythmic
zhao2023diffugesture,kucherenko2023genea2023
zhao2023diffugesture,liu2022ha2g
zhao2023diffugesture,yin2023emog
zhao2023diffugesture,yoon2022genea
zhao2023diffugesture,zhu2023diffgesture
zhao2023gesture,ao2022rhythmic
zhao2023gesture,habibie2022motionmatching
zhao2023gesture,kucherenko2023genea2023
zhao2023gesture,liu2022ha2g
zhao2023gesture,yang2023qpgesture
zhao2023gesture,zhou2022reenactment
zhao2024editing,alexanderson2023listen
zhao2024editing,ao2022rhythmic
zhao2024editing,ao2023gesturediffuclip
zhao2024editing,kucherenko2023genea2023
zhao2024editing,liu2022beat
zhao2024editing,liu2022ha2g
zhao2024editing,ng2024audio2photoreal
zhao2024editing,nyatsanga2023review
zhao2024editing,yang2023diffusestyleplus
zhao2024editing,yang2023qpgesture
zhao2024editing,zhao2023gesture
zhao2024editing,zhou2022reenactment
zhao2024editing,zhu2023diffgesture
zhao2024memory,ao2022rhythmic
zhao2024memory,zhu2023diffgesture
zhao2025emotion,yang2023diffusestylegesture
zhao2025emotion,zhang2024semanticgesticulator
zhao2025reenactment,nyatsanga2023review
zhao2026personagest,ahuja2023cdiffgan
zhao2026personagest,ali2025multilingual
zhao2026personagest,chen2024diffsheg
zhao2026personagest,chen2024syntalker
zhao2026personagest,chen2025languageofmotion
zhao2026personagest,ghorbani2023zeroeggs
zhao2026personagest,habibie2022motionmatching
zhao2026personagest,ji2023c2g2
zhao2026personagest,li2026globaldiff
zhao2026personagest,liu2022angie
zhao2026personagest,liu2022beat
zhao2026personagest,liu2024emage
zhao2026personagest,liu2025gesturelsm
zhao2026personagest,liu2025semges
zhao2026personagest,liu2026semconflow
zhao2026personagest,mao2024mdta2g
zhao2026personagest,mughal2024convofusion
zhao2026personagest,nyatsanga2023review
zhao2026personagest,qi2024emotiongesture
zhao2026personagest,voss2023aqgt
zhao2026personagest,xiao2024eggesture
zhao2026personagest,xu2024mambatalk
zhao2026personagest,yang2023diffusestylegesture
zhao2026personagest,yazdian2022gesture2vec
zhao2026personagest,yi2023talkshow
zhao2026personagest,yin2025pyramotion
zhao2026personagest,zhang2024hda2g
zhao2026personagest,zhang2024semanticgesticulator
zhao2026personagest,zhang2025echomask
zhao2026personagest,zhang2025semtalk
zhao2026personagest,zhi2023livelyspeaker
zhi2023livelyspeaker,ao2022rhythmic
zhi2023livelyspeaker,li2023audio2gestures
zhi2023livelyspeaker,liu2022angie
zhi2023livelyspeaker,liu2022beat
zhi2023livelyspeaker,liu2022ha2g
zhi2023livelyspeaker,xu2022freemo
zhou2025paha,corona2025vlogger
zhou2025paha,liu2022angie
zhou2025paha,mahapatra2024meshes
zhou2025paha,mughal2024convofusion
zhou2026exges,alexanderson2023listen
zhou2026exges,ao2022rhythmic
zhou2026exges,ao2023gesturediffuclip
zhou2026exges,chen2024diffsheg
zhou2026exges,chen2024syntalker
zhou2026exges,cheng2024siggesture
zhou2026exges,chhatre2024amuse
zhou2026exges,ghorbani2023zeroeggs
zhou2026exges,habibie2022motionmatching
zhou2026exges,liu2022beat
zhou2026exges,liu2022ha2g
zhou2026exges,liu2024emage
zhou2026exges,mughal2024convofusion
zhou2026exges,mughal2025rag
zhou2026exges,ng2024audio2photoreal
zhou2026exges,nyatsanga2023review
zhou2026exges,qi2025co3gesture
zhou2026exges,xu2024mambatalk
zhou2026exges,yang2023diffusestylegesture
zhou2026exges,yang2023qpgesture
zhou2026exges,yi2023talkshow
zhou2026exges,zhang2024semanticgesticulator
zhou2026exges,zhang2025semtalk
zhou2026exges,zhi2023livelyspeaker
zhou2026exges,zhu2023diffgesture
zhu2023diffgesture,ao2022rhythmic
zhu2023diffgesture,liu2022angie
zhu2023diffgesture,liu2022beat
zhu2023diffgesture,liu2022ha2g
zhu2023diffgesture,xu2022freemo
zhu2023diffgesture,yazdian2022gesture2vec
zhu2025fmri2ges,chen2024diffsheg
zhu2025fmri2ges,cheng2024siggesture
zhu2025fmri2ges,ghorbani2023zeroeggs
zhu2025fmri2ges,liu2022angie
zhu2025fmri2ges,liu2022ha2g
zhu2025fmri2ges,liu2024emage
zhu2025fmri2ges,yazdian2022gesture2vec
zhu2025fmri2ges,zhu2023diffgesture
